-- phpMyAdmin SQL Dump
-- version 5.1.1
-- https://www.phpmyadmin.net/
--
-- Host: 127.0.0.1
-- Generation Time: Feb 17, 2022 at 08:01 AM
-- Server version: 10.4.22-MariaDB
-- PHP Version: 7.4.27

SET SQL_MODE = "NO_AUTO_VALUE_ON_ZERO";
START TRANSACTION;
SET time_zone = "+00:00";


/*!40101 SET @OLD_CHARACTER_SET_CLIENT=@@CHARACTER_SET_CLIENT */;
/*!40101 SET @OLD_CHARACTER_SET_RESULTS=@@CHARACTER_SET_RESULTS */;
/*!40101 SET @OLD_COLLATION_CONNECTION=@@COLLATION_CONNECTION */;
/*!40101 SET NAMES utf8mb4 */;

--
-- Database: `masarat`
--

-- --------------------------------------------------------

--
-- Table structure for table `admin_menu`
--

CREATE TABLE `admin_menu` (
  `id` int(10) UNSIGNED NOT NULL,
  `parent_id` int(11) NOT NULL DEFAULT 0,
  `order` int(11) NOT NULL DEFAULT 0,
  `title` varchar(50) COLLATE utf8mb4_unicode_ci NOT NULL,
  `icon` varchar(50) COLLATE utf8mb4_unicode_ci NOT NULL,
  `uri` varchar(255) COLLATE utf8mb4_unicode_ci DEFAULT NULL,
  `permission` varchar(255) COLLATE utf8mb4_unicode_ci DEFAULT NULL,
  `created_at` timestamp NULL DEFAULT NULL,
  `updated_at` timestamp NULL DEFAULT NULL
) ENGINE=InnoDB DEFAULT CHARSET=utf8mb4 COLLATE=utf8mb4_unicode_ci;

--
-- Dumping data for table `admin_menu`
--

INSERT INTO `admin_menu` (`id`, `parent_id`, `order`, `title`, `icon`, `uri`, `permission`, `created_at`, `updated_at`) VALUES
(1, 0, 1, 'Dashboard', 'fa-bar-chart', '/', NULL, NULL, NULL),
(2, 0, 2, 'Admin', 'fa-tasks', '', NULL, NULL, NULL),
(3, 2, 3, 'Users', 'fa-users', 'auth/users', NULL, NULL, NULL),
(4, 2, 4, 'Roles', 'fa-user', 'auth/roles', NULL, NULL, NULL),
(5, 2, 5, 'Permission', 'fa-ban', 'auth/permissions', NULL, NULL, NULL),
(6, 2, 6, 'Menu', 'fa-bars', 'auth/menu', NULL, NULL, NULL),
(7, 2, 7, 'Operation log', 'fa-history', 'auth/logs', NULL, NULL, NULL);

-- --------------------------------------------------------

--
-- Table structure for table `admin_operation_log`
--

CREATE TABLE `admin_operation_log` (
  `id` int(10) UNSIGNED NOT NULL,
  `user_id` int(11) NOT NULL,
  `path` varchar(255) COLLATE utf8mb4_unicode_ci NOT NULL,
  `method` varchar(10) COLLATE utf8mb4_unicode_ci NOT NULL,
  `ip` varchar(255) COLLATE utf8mb4_unicode_ci NOT NULL,
  `input` text COLLATE utf8mb4_unicode_ci NOT NULL,
  `created_at` timestamp NULL DEFAULT NULL,
  `updated_at` timestamp NULL DEFAULT NULL
) ENGINE=InnoDB DEFAULT CHARSET=utf8mb4 COLLATE=utf8mb4_unicode_ci;

--
-- Dumping data for table `admin_operation_log`
--

INSERT INTO `admin_operation_log` (`id`, `user_id`, `path`, `method`, `ip`, `input`, `created_at`, `updated_at`) VALUES
(1, 2, 'admin/development/interventions', 'GET', '127.0.0.1', '[]', '2022-02-16 06:11:30', '2022-02-16 06:11:30'),
(2, 2, 'admin/development/interventions', 'GET', '127.0.0.1', '[]', '2022-02-16 06:11:32', '2022-02-16 06:11:32'),
(3, 2, 'admin/development/transferCase', 'GET', '127.0.0.1', '{\"count\":\"10\"}', '2022-02-16 06:11:40', '2022-02-16 06:11:40'),
(4, 2, 'admin/development/transferCase', 'GET', '127.0.0.1', '{\"count\":\"10\"}', '2022-02-16 06:12:23', '2022-02-16 06:12:23'),
(5, 2, 'admin/development/doTransfer', 'POST', '127.0.0.1', '{\"_token\":\"Tm76q0yBxRciOu5GUgFDesnkMNRO0pk60dwnjhsF\",\"ids\":[\"1\"],\"push-notifications\":\"on\",\"custom\":null}', '2022-02-16 06:12:28', '2022-02-16 06:12:28'),
(6, 2, 'admin/development/transferCase', 'GET', '127.0.0.1', '{\"count\":\"10\"}', '2022-02-16 06:12:28', '2022-02-16 06:12:28'),
(7, 2, 'admin/development/interventions', 'GET', '127.0.0.1', '[]', '2022-02-16 06:12:31', '2022-02-16 06:12:31'),
(8, 2, 'admin/development/ints/3', 'GET', '127.0.0.1', '[]', '2022-02-16 06:12:43', '2022-02-16 06:12:43'),
(9, 2, 'admin/development/interventions', 'GET', '127.0.0.1', '[]', '2022-02-16 06:12:54', '2022-02-16 06:12:54'),
(10, 2, 'admin/development/ints/3', 'GET', '127.0.0.1', '[]', '2022-02-16 06:13:03', '2022-02-16 06:13:03'),
(11, 2, 'admin/development/ints/3', 'GET', '127.0.0.1', '[]', '2022-02-16 07:47:18', '2022-02-16 07:47:18'),
(12, 2, 'admin/development/ints/3', 'GET', '127.0.0.1', '[]', '2022-02-16 07:50:27', '2022-02-16 07:50:27'),
(13, 2, 'admin/development/ints/3', 'GET', '127.0.0.1', '[]', '2022-02-16 07:50:58', '2022-02-16 07:50:58'),
(14, 2, 'admin/development/ints/3', 'GET', '127.0.0.1', '[]', '2022-02-16 07:51:15', '2022-02-16 07:51:15'),
(15, 2, 'admin/development/interventions', 'GET', '127.0.0.1', '[]', '2022-02-16 07:51:17', '2022-02-16 07:51:17'),
(16, 2, 'admin/development/ints/1', 'GET', '127.0.0.1', '[]', '2022-02-16 07:51:19', '2022-02-16 07:51:19'),
(17, 2, 'admin/development/ints/2', 'GET', '127.0.0.1', '[]', '2022-02-16 07:51:20', '2022-02-16 07:51:20'),
(18, 2, 'admin/development/ints/3', 'GET', '127.0.0.1', '[]', '2022-02-16 07:51:20', '2022-02-16 07:51:20'),
(19, 2, 'admin/development/supported', 'GET', '127.0.0.1', '[]', '2022-02-16 07:51:27', '2022-02-16 07:51:27'),
(20, 2, 'admin/development/supported', 'GET', '127.0.0.1', '[]', '2022-02-16 07:51:29', '2022-02-16 07:51:29'),
(21, 2, 'admin/development/supported_ints/1', 'GET', '127.0.0.1', '[]', '2022-02-16 07:51:29', '2022-02-16 07:51:29'),
(22, 2, 'admin/development/supported', 'GET', '127.0.0.1', '[]', '2022-02-16 07:51:34', '2022-02-16 07:51:34'),
(23, 2, 'admin/auth/logout', 'GET', '127.0.0.1', '[]', '2022-02-16 07:51:40', '2022-02-16 07:51:40'),
(24, 4, 'admin', 'GET', '127.0.0.1', '[]', '2022-02-16 07:51:46', '2022-02-16 07:51:46'),
(25, 4, 'admin/operation/dashboard', 'GET', '127.0.0.1', '[]', '2022-02-16 07:51:47', '2022-02-16 07:51:47'),
(26, 4, 'admin/operation/interventions', 'GET', '127.0.0.1', '[]', '2022-02-16 07:51:49', '2022-02-16 07:51:49'),
(27, 4, 'admin/operation/interventions', 'GET', '127.0.0.1', '[]', '2022-02-16 07:51:51', '2022-02-16 07:51:51'),
(28, 4, 'admin/operation/ints/1', 'GET', '127.0.0.1', '[]', '2022-02-16 07:51:52', '2022-02-16 07:51:52'),
(29, 4, 'admin/operation/ints/2', 'GET', '127.0.0.1', '[]', '2022-02-16 07:51:52', '2022-02-16 07:51:52'),
(30, 4, 'admin/operation/ints/3', 'GET', '127.0.0.1', '[]', '2022-02-16 07:51:53', '2022-02-16 07:51:53'),
(31, 4, 'admin/auth/logout', 'GET', '127.0.0.1', '[]', '2022-02-16 07:52:03', '2022-02-16 07:52:03'),
(32, 3, 'admin', 'GET', '127.0.0.1', '[]', '2022-02-16 07:52:08', '2022-02-16 07:52:08'),
(33, 3, 'admin/partners/dashboard', 'GET', '127.0.0.1', '[]', '2022-02-16 07:52:08', '2022-02-16 07:52:08'),
(34, 3, 'admin/partners/interventions', 'GET', '127.0.0.1', '[]', '2022-02-16 07:52:10', '2022-02-16 07:52:10'),
(35, 3, 'admin/partners/interventions', 'GET', '127.0.0.1', '[]', '2022-02-16 07:52:11', '2022-02-16 07:52:11'),
(36, 3, 'admin/partners/ints/1', 'GET', '127.0.0.1', '[]', '2022-02-16 07:52:11', '2022-02-16 07:52:11'),
(37, 3, 'admin/partners/ints/2', 'GET', '127.0.0.1', '[]', '2022-02-16 07:52:12', '2022-02-16 07:52:12'),
(38, 3, 'admin/partners/ints/3', 'GET', '127.0.0.1', '[]', '2022-02-16 07:52:13', '2022-02-16 07:52:13'),
(39, 3, 'admin/auth/logout', 'GET', '127.0.0.1', '[]', '2022-02-16 07:53:11', '2022-02-16 07:53:11'),
(40, 2, 'admin', 'GET', '127.0.0.1', '[]', '2022-02-16 07:53:17', '2022-02-16 07:53:17'),
(41, 2, 'admin/development/dashboard', 'GET', '127.0.0.1', '[]', '2022-02-16 07:53:18', '2022-02-16 07:53:18'),
(42, 2, 'admin/development/supported', 'GET', '127.0.0.1', '[]', '2022-02-16 07:53:20', '2022-02-16 07:53:20'),
(43, 2, 'admin/development/supported', 'GET', '127.0.0.1', '[]', '2022-02-16 07:53:21', '2022-02-16 07:53:21'),
(44, 2, 'admin/development/supported', 'GET', '127.0.0.1', '[]', '2022-02-16 07:53:24', '2022-02-16 07:53:24'),
(45, 2, 'admin/development/supported', 'GET', '127.0.0.1', '[]', '2022-02-16 07:53:26', '2022-02-16 07:53:26'),
(46, 2, 'admin/development/supported', 'GET', '127.0.0.1', '[]', '2022-02-16 07:53:30', '2022-02-16 07:53:30'),
(47, 2, 'admin/development/supported', 'GET', '127.0.0.1', '[]', '2022-02-16 07:53:31', '2022-02-16 07:53:31'),
(48, 2, 'admin/development/supported', 'GET', '127.0.0.1', '[]', '2022-02-16 08:27:45', '2022-02-16 08:27:45'),
(49, 2, 'admin/development/supported', 'GET', '127.0.0.1', '[]', '2022-02-16 08:27:46', '2022-02-16 08:27:46'),
(50, 2, 'admin/development/supported', 'GET', '127.0.0.1', '[]', '2022-02-16 08:27:51', '2022-02-16 08:27:51'),
(51, 2, 'admin/development/supported', 'GET', '127.0.0.1', '[]', '2022-02-16 08:27:53', '2022-02-16 08:27:53'),
(52, 2, 'admin/development/supported', 'GET', '127.0.0.1', '[]', '2022-02-16 08:28:22', '2022-02-16 08:28:22'),
(53, 2, 'admin/development/supported', 'GET', '127.0.0.1', '[]', '2022-02-16 08:31:53', '2022-02-16 08:31:53'),
(54, 2, 'admin/development/supported', 'GET', '127.0.0.1', '[]', '2022-02-16 08:35:39', '2022-02-16 08:35:39'),
(55, 2, 'admin/development/supported', 'GET', '127.0.0.1', '[]', '2022-02-16 08:35:40', '2022-02-16 08:35:40'),
(56, 2, 'admin/development/supported', 'GET', '127.0.0.1', '[]', '2022-02-16 08:37:11', '2022-02-16 08:37:11'),
(57, 2, 'admin/development/supported', 'GET', '127.0.0.1', '[]', '2022-02-16 08:37:12', '2022-02-16 08:37:12'),
(58, 2, 'admin/development/supported', 'GET', '127.0.0.1', '[]', '2022-02-16 08:37:19', '2022-02-16 08:37:19'),
(59, 2, 'admin/development/supported', 'GET', '127.0.0.1', '[]', '2022-02-16 08:37:20', '2022-02-16 08:37:20'),
(60, 2, 'admin/development/supported', 'GET', '127.0.0.1', '[]', '2022-02-16 08:37:28', '2022-02-16 08:37:28'),
(61, 2, 'admin/development/supported', 'GET', '127.0.0.1', '[]', '2022-02-16 08:37:29', '2022-02-16 08:37:29'),
(62, 2, 'admin/development/supported', 'GET', '127.0.0.1', '[]', '2022-02-16 08:37:51', '2022-02-16 08:37:51'),
(63, 2, 'admin/development/supported', 'GET', '127.0.0.1', '[]', '2022-02-16 08:37:51', '2022-02-16 08:37:51'),
(64, 2, 'admin/development/supported', 'GET', '127.0.0.1', '[]', '2022-02-16 08:38:21', '2022-02-16 08:38:21'),
(65, 2, 'admin/development/supported', 'GET', '127.0.0.1', '[]', '2022-02-16 08:38:22', '2022-02-16 08:38:22'),
(66, 2, 'admin/development/supported', 'GET', '127.0.0.1', '[]', '2022-02-16 08:38:32', '2022-02-16 08:38:32'),
(67, 2, 'admin/development/transferCase', 'GET', '127.0.0.1', '{\"count\":\"10\"}', '2022-02-16 08:38:39', '2022-02-16 08:38:39'),
(68, 2, 'admin/development/interventions', 'GET', '127.0.0.1', '[]', '2022-02-16 08:38:40', '2022-02-16 08:38:40'),
(69, 2, 'admin/development/ints/3', 'GET', '127.0.0.1', '[]', '2022-02-16 08:38:44', '2022-02-16 08:38:44'),
(70, 2, 'admin/development/intsTransfer', 'POST', '127.0.0.1', '{\"_token\":\"fdDUaHJq1s9fqKif0Vjr9Z5oNTnVW5NbvRMRRHKY\",\"ids\":\"3\",\"role\":\"4\",\"details_id\":\"3\"}', '2022-02-16 08:38:49', '2022-02-16 08:38:49'),
(71, 2, 'admin/development/ints/3', 'GET', '127.0.0.1', '[]', '2022-02-16 08:38:49', '2022-02-16 08:38:49'),
(72, 2, 'admin/development/interventions', 'GET', '127.0.0.1', '[]', '2022-02-16 08:38:52', '2022-02-16 08:38:52'),
(73, 2, 'admin/development/interventions', 'GET', '127.0.0.1', '[]', '2022-02-16 08:38:55', '2022-02-16 08:38:55'),
(74, 2, 'admin/development/ints/3', 'GET', '127.0.0.1', '[]', '2022-02-16 08:38:57', '2022-02-16 08:38:57'),
(75, 2, 'admin/development/ints/2', 'GET', '127.0.0.1', '[]', '2022-02-16 08:39:17', '2022-02-16 08:39:17'),
(76, 2, 'admin/development/ints/2', 'GET', '127.0.0.1', '[]', '2022-02-16 08:39:18', '2022-02-16 08:39:18'),
(77, 2, 'admin/development/intsTransfer', 'POST', '127.0.0.1', '{\"_token\":\"fdDUaHJq1s9fqKif0Vjr9Z5oNTnVW5NbvRMRRHKY\",\"ids\":\"2\",\"role\":\"3\",\"details_id\":\"2\"}', '2022-02-16 08:39:23', '2022-02-16 08:39:23'),
(78, 2, 'admin/development/ints/2', 'GET', '127.0.0.1', '[]', '2022-02-16 08:39:24', '2022-02-16 08:39:24'),
(79, 2, 'admin/development/interventions', 'GET', '127.0.0.1', '[]', '2022-02-16 08:39:25', '2022-02-16 08:39:25'),
(80, 2, 'admin/development/interventions', 'GET', '127.0.0.1', '[]', '2022-02-16 08:40:30', '2022-02-16 08:40:30'),
(81, 2, 'admin/development/interventions', 'GET', '127.0.0.1', '[]', '2022-02-16 08:40:41', '2022-02-16 08:40:41'),
(82, 2, 'admin/development/interventions', 'GET', '127.0.0.1', '[]', '2022-02-16 09:11:48', '2022-02-16 09:11:48'),
(83, 2, 'admin/auth/logout', 'GET', '127.0.0.1', '[]', '2022-02-16 09:11:58', '2022-02-16 09:11:58'),
(84, 4, 'admin', 'GET', '127.0.0.1', '[]', '2022-02-16 09:12:06', '2022-02-16 09:12:06'),
(85, 4, 'admin/operation/dashboard', 'GET', '127.0.0.1', '[]', '2022-02-16 09:12:07', '2022-02-16 09:12:07'),
(86, 4, 'admin/operation/interventions', 'GET', '127.0.0.1', '[]', '2022-02-16 09:12:09', '2022-02-16 09:12:09'),
(87, 4, 'admin/operation/ints/1', 'GET', '127.0.0.1', '[]', '2022-02-16 09:12:11', '2022-02-16 09:12:11'),
(88, 2, 'admin', 'GET', '127.0.0.1', '[]', '2022-02-16 09:24:58', '2022-02-16 09:24:58'),
(89, 2, 'admin/development/dashboard', 'GET', '127.0.0.1', '[]', '2022-02-16 09:24:59', '2022-02-16 09:24:59'),
(90, 2, 'admin/development/interventions', 'GET', '127.0.0.1', '[]', '2022-02-16 09:25:04', '2022-02-16 09:25:04'),
(91, 2, 'admin/development/ints/1', 'GET', '127.0.0.1', '[]', '2022-02-16 09:25:06', '2022-02-16 09:25:06'),
(92, 2, 'admin/development/intsTransfer', 'POST', '127.0.0.1', '{\"_token\":\"OBU7k7ktpjr8DLqJJYKReRekT4bjxw0VDDFpsdou\",\"ids\":\"1\",\"role\":\"3\",\"details_id\":\"1\"}', '2022-02-16 09:25:09', '2022-02-16 09:25:09'),
(93, 2, 'admin/development/ints/1', 'GET', '127.0.0.1', '[]', '2022-02-16 09:25:09', '2022-02-16 09:25:09'),
(94, 2, 'admin/development/interventions', 'GET', '127.0.0.1', '[]', '2022-02-16 09:25:11', '2022-02-16 09:25:11'),
(95, 2, 'admin/development/ints/2', 'GET', '127.0.0.1', '[]', '2022-02-16 09:25:12', '2022-02-16 09:25:12'),
(96, 2, 'admin/development/intsTransfer', 'POST', '127.0.0.1', '{\"_token\":\"OBU7k7ktpjr8DLqJJYKReRekT4bjxw0VDDFpsdou\",\"ids\":\"2\",\"role\":\"3\",\"details_id\":\"2\"}', '2022-02-16 09:25:21', '2022-02-16 09:25:21'),
(97, 2, 'admin/development/ints/2', 'GET', '127.0.0.1', '[]', '2022-02-16 09:25:22', '2022-02-16 09:25:22'),
(98, 2, 'admin/development/interventions', 'GET', '127.0.0.1', '[]', '2022-02-16 09:25:24', '2022-02-16 09:25:24'),
(99, 2, 'admin/development/ints/3', 'GET', '127.0.0.1', '[]', '2022-02-16 09:25:26', '2022-02-16 09:25:26'),
(100, 2, 'admin/development/intsTransfer', 'POST', '127.0.0.1', '{\"_token\":\"OBU7k7ktpjr8DLqJJYKReRekT4bjxw0VDDFpsdou\",\"ids\":\"3\",\"role\":\"3\",\"details_id\":\"3\"}', '2022-02-16 09:25:31', '2022-02-16 09:25:31'),
(101, 2, 'admin/development/ints/3', 'GET', '127.0.0.1', '[]', '2022-02-16 09:25:32', '2022-02-16 09:25:32'),
(102, 2, 'admin/auth/logout', 'GET', '127.0.0.1', '[]', '2022-02-16 09:25:44', '2022-02-16 09:25:44'),
(103, 3, 'admin', 'GET', '127.0.0.1', '[]', '2022-02-16 09:26:14', '2022-02-16 09:26:14'),
(104, 3, 'admin/partners/dashboard', 'GET', '127.0.0.1', '[]', '2022-02-16 09:26:15', '2022-02-16 09:26:15'),
(105, 3, 'admin/partners/interventions', 'GET', '127.0.0.1', '[]', '2022-02-16 09:26:19', '2022-02-16 09:26:19'),
(106, 3, 'admin/partners/ints/3', 'GET', '127.0.0.1', '[]', '2022-02-16 09:26:22', '2022-02-16 09:26:22'),
(107, 3, 'admin/partners/providers', 'GET', '127.0.0.1', '{\"count\":\"10\"}', '2022-02-16 09:26:26', '2022-02-16 09:26:26'),
(108, 3, 'admin/partners/providers/add', 'POST', '127.0.0.1', '{\"_token\":\"Ur0XUTKM2D19j5CnPX3SyLnrgGsQ06jAGGnshqtt\",\"name\":\"\\u0627\\u0633\\u0645 \\u062c\\u0647\\u0629 \\u062c\\u062f\\u064a\\u062f\\u0629 \\u0648\\u0627\\u062d\\u062f\",\"person_name\":\"\\u0627\\u0633\\u0645 \\u0627\\u0644\\u0645\\u0641\\u0648\\u0636 \\u0648\\u0627\\u062d\\u062f\",\"phone\":\"0555555555\",\"email\":\"test@test.com\",\"full_address\":null}', '2022-02-16 09:27:52', '2022-02-16 09:27:52'),
(109, 3, 'admin/partners/providers', 'GET', '127.0.0.1', '{\"count\":\"10\"}', '2022-02-16 09:28:55', '2022-02-16 09:28:55'),
(110, 3, 'admin/partners/providers/add', 'POST', '127.0.0.1', '{\"_token\":\"Ur0XUTKM2D19j5CnPX3SyLnrgGsQ06jAGGnshqtt\",\"name\":\"\\u0627\\u0633\\u0645 \\u062c\\u0647\\u0629 \\u062c\\u062f\\u064a\\u062f\\u0629 \\u0648\\u0627\\u062d\\u062f\",\"person_name\":\"\\u0627\\u0633\\u0645 \\u0627\\u0644\\u0645\\u0641\\u0648\\u0636 \\u0648\\u0627\\u062d\\u062f\",\"phone\":\"0500000000\",\"email\":\"test@test.com\",\"full_address\":null}', '2022-02-16 09:29:07', '2022-02-16 09:29:07'),
(111, 3, 'admin/partners/providers', 'GET', '127.0.0.1', '{\"count\":\"10\"}', '2022-02-16 09:30:42', '2022-02-16 09:30:42'),
(112, 3, 'admin/partners/providers/add', 'POST', '127.0.0.1', '{\"_token\":\"Ur0XUTKM2D19j5CnPX3SyLnrgGsQ06jAGGnshqtt\",\"name\":\"\\u0627\\u0633\\u0645 \\u062c\\u0647\\u0629 \\u062c\\u062f\\u064a\\u062f\\u0629 \\u0648\\u0627\\u062d\\u062f\",\"person_name\":\"\\u0627\\u0633\\u0645 \\u0627\\u0644\\u0645\\u0641\\u0648\\u0636 \\u0648\\u0627\\u062d\\u062f\",\"phone\":\"0500000000\",\"email\":\"test@test.com\",\"full_address\":\"\\u0627\\u0644\\u0631\\u064a\\u0627\\u0636\"}', '2022-02-16 09:32:11', '2022-02-16 09:32:11'),
(113, 3, 'admin/partners/providers', 'GET', '127.0.0.1', '{\"count\":\"10\"}', '2022-02-16 09:32:11', '2022-02-16 09:32:11'),
(114, 3, 'admin/partners/editProvider', 'GET', '127.0.0.1', '{\"id\":\"1\"}', '2022-02-16 09:33:20', '2022-02-16 09:33:20'),
(115, 3, 'admin/partners/interventions', 'GET', '127.0.0.1', '[]', '2022-02-16 09:33:29', '2022-02-16 09:33:29'),
(116, 3, 'admin/partners/ints/3', 'GET', '127.0.0.1', '[]', '2022-02-16 09:33:34', '2022-02-16 09:33:34'),
(117, 3, 'admin/partners/providerDetails', 'GET', '127.0.0.1', '{\"id\":\"1\"}', '2022-02-16 09:33:55', '2022-02-16 09:33:55'),
(118, 3, 'admin/partners/attachProvider', 'POST', '127.0.0.1', '{\"form_id\":\"3\",\"provider\":\"1\",\"_token\":\"Ur0XUTKM2D19j5CnPX3SyLnrgGsQ06jAGGnshqtt\",\"extra_person\":\"\\u0627\\u0633\\u0645 \\u0627\\u0644\\u0645\\u0641\\u0648\\u0636 \\u0648\\u0627\\u062d\\u062f\",\"extra_phone\":\"0500000000\",\"extra_notes\":null}', '2022-02-16 09:33:56', '2022-02-16 09:33:56'),
(119, 3, 'admin/partners/ints/3', 'GET', '127.0.0.1', '[]', '2022-02-16 09:33:56', '2022-02-16 09:33:56'),
(120, 3, 'admin/partners/interventions', 'GET', '127.0.0.1', '[]', '2022-02-16 09:33:59', '2022-02-16 09:33:59'),
(121, 3, 'admin/partners/ints/2', 'GET', '127.0.0.1', '[]', '2022-02-16 09:34:01', '2022-02-16 09:34:01'),
(122, 3, 'admin/partners/providerDetails', 'GET', '127.0.0.1', '{\"id\":\"1\"}', '2022-02-16 09:34:04', '2022-02-16 09:34:04'),
(123, 3, 'admin/partners/attachProvider', 'POST', '127.0.0.1', '{\"form_id\":\"2\",\"provider\":\"1\",\"_token\":\"Ur0XUTKM2D19j5CnPX3SyLnrgGsQ06jAGGnshqtt\",\"extra_person\":\"\\u0627\\u0633\\u0645 \\u0627\\u0644\\u0645\\u0641\\u0648\\u0636 \\u0648\\u0627\\u062d\\u062f\",\"extra_phone\":\"0500000000\",\"extra_notes\":null}', '2022-02-16 09:34:05', '2022-02-16 09:34:05'),
(124, 3, 'admin/partners/ints/2', 'GET', '127.0.0.1', '[]', '2022-02-16 09:34:06', '2022-02-16 09:34:06'),
(125, 3, 'admin/partners/interventions', 'GET', '127.0.0.1', '[]', '2022-02-16 09:34:09', '2022-02-16 09:34:09'),
(126, 3, 'admin/partners/ints/1', 'GET', '127.0.0.1', '[]', '2022-02-16 09:34:11', '2022-02-16 09:34:11'),
(127, 3, 'admin/partners/providerDetails', 'GET', '127.0.0.1', '{\"id\":\"1\"}', '2022-02-16 09:34:44', '2022-02-16 09:34:44'),
(128, 3, 'admin/partners/attachProvider', 'POST', '127.0.0.1', '{\"form_id\":\"1\",\"provider\":\"1\",\"_token\":\"Ur0XUTKM2D19j5CnPX3SyLnrgGsQ06jAGGnshqtt\",\"extra_person\":\"\\u0627\\u0633\\u0645 \\u0627\\u0644\\u0645\\u0641\\u0648\\u0636 \\u0648\\u0627\\u062d\\u062f\",\"extra_phone\":\"0500000000\",\"extra_notes\":null}', '2022-02-16 09:34:45', '2022-02-16 09:34:45'),
(129, 3, 'admin/partners/ints/1', 'GET', '127.0.0.1', '[]', '2022-02-16 09:34:45', '2022-02-16 09:34:45'),
(130, 4, 'admin/operation/ints/1', 'GET', '127.0.0.1', '[]', '2022-02-16 09:34:52', '2022-02-16 09:34:52'),
(131, 3, 'admin/auth/logout', 'GET', '127.0.0.1', '[]', '2022-02-16 09:35:00', '2022-02-16 09:35:00'),
(132, 2, 'admin', 'GET', '127.0.0.1', '[]', '2022-02-16 09:35:24', '2022-02-16 09:35:24'),
(133, 2, 'admin/development/dashboard', 'GET', '127.0.0.1', '[]', '2022-02-16 09:35:24', '2022-02-16 09:35:24'),
(134, 2, 'admin/development/supported', 'GET', '127.0.0.1', '[]', '2022-02-16 09:35:29', '2022-02-16 09:35:29'),
(135, 2, 'admin/development/supported_ints/2', 'GET', '127.0.0.1', '[]', '2022-02-16 09:35:31', '2022-02-16 09:35:31'),
(136, 2, 'admin/development/intsTransfer', 'POST', '127.0.0.1', '{\"_token\":\"nKeURC85wRKisTAXLX12X9VHJGQalgZEcICvMauN\",\"ids\":\"2\",\"role\":\"7\",\"details_id\":\"2\"}', '2022-02-16 09:35:38', '2022-02-16 09:35:38'),
(137, 2, 'admin/development/supported_ints/2', 'GET', '127.0.0.1', '[]', '2022-02-16 09:35:38', '2022-02-16 09:35:38'),
(138, 2, 'admin/development/supported', 'GET', '127.0.0.1', '[]', '2022-02-16 09:35:40', '2022-02-16 09:35:40'),
(139, 2, 'admin/development/supported_ints/3', 'GET', '127.0.0.1', '[]', '2022-02-16 09:35:42', '2022-02-16 09:35:42'),
(140, 2, 'admin/development/intsTransfer', 'POST', '127.0.0.1', '{\"_token\":\"nKeURC85wRKisTAXLX12X9VHJGQalgZEcICvMauN\",\"ids\":\"3\",\"role\":\"7\",\"details_id\":\"3\"}', '2022-02-16 09:35:44', '2022-02-16 09:35:44'),
(141, 2, 'admin/development/supported_ints/3', 'GET', '127.0.0.1', '[]', '2022-02-16 09:35:44', '2022-02-16 09:35:44'),
(142, 2, 'admin/development/supported', 'GET', '127.0.0.1', '[]', '2022-02-16 09:35:46', '2022-02-16 09:35:46'),
(143, 2, 'admin/development/supported_ints/1', 'GET', '127.0.0.1', '[]', '2022-02-16 09:35:47', '2022-02-16 09:35:47'),
(144, 2, 'admin/development/intsTransfer', 'POST', '127.0.0.1', '{\"_token\":\"nKeURC85wRKisTAXLX12X9VHJGQalgZEcICvMauN\",\"ids\":\"1\",\"role\":\"7\",\"details_id\":\"1\"}', '2022-02-16 09:35:50', '2022-02-16 09:35:50'),
(145, 2, 'admin/development/supported_ints/1', 'GET', '127.0.0.1', '[]', '2022-02-16 09:35:50', '2022-02-16 09:35:50'),
(146, 2, 'admin/auth/logout', 'GET', '127.0.0.1', '[]', '2022-02-16 09:35:53', '2022-02-16 09:35:53'),
(147, 4, 'admin/operation/ints/1', 'GET', '127.0.0.1', '[]', '2022-02-16 09:36:00', '2022-02-16 09:36:00'),
(148, 4, 'admin/operation/interventions', 'GET', '127.0.0.1', '[]', '2022-02-16 09:36:01', '2022-02-16 09:36:01'),
(149, 4, 'admin/operation/ints/1', 'GET', '127.0.0.1', '[]', '2022-02-16 09:36:03', '2022-02-16 09:36:03'),
(150, 4, 'admin/operation/supportDetails', 'GET', '127.0.0.1', '{\"id\":\"1\"}', '2022-02-16 09:36:04', '2022-02-16 09:36:04'),
(151, 4, 'admin/operation/ints/1', 'GET', '127.0.0.1', '[]', '2022-02-16 09:37:08', '2022-02-16 09:37:08'),
(152, 4, 'admin/operation/supportDetails', 'GET', '127.0.0.1', '{\"id\":\"1\"}', '2022-02-16 09:37:10', '2022-02-16 09:37:10'),
(153, 4, 'admin/operation/supportDetails', 'GET', '127.0.0.1', '{\"id\":\"1\"}', '2022-02-16 09:48:16', '2022-02-16 09:48:16'),
(154, 4, 'admin/operation/supportDetails', 'GET', '127.0.0.1', '{\"id\":\"1\"}', '2022-02-16 09:48:17', '2022-02-16 09:48:17'),
(155, 4, 'admin/operation/supportDetails', 'GET', '127.0.0.1', '{\"id\":\"1\"}', '2022-02-16 09:48:18', '2022-02-16 09:48:18'),
(156, 4, 'admin/operation/supportDetails', 'GET', '127.0.0.1', '{\"id\":\"1\"}', '2022-02-16 09:48:20', '2022-02-16 09:48:20'),
(157, 4, 'admin/operation/supportDetails', 'GET', '127.0.0.1', '{\"id\":\"1\"}', '2022-02-16 09:48:25', '2022-02-16 09:48:25'),
(158, 4, 'admin/operation/supportDetails', 'GET', '127.0.0.1', '{\"id\":\"1\"}', '2022-02-16 09:48:26', '2022-02-16 09:48:26'),
(159, 4, 'admin/operation/supportDetails', 'GET', '127.0.0.1', '{\"id\":\"1\"}', '2022-02-16 09:48:28', '2022-02-16 09:48:28'),
(160, 4, 'admin/operation/supportDetails', 'GET', '127.0.0.1', '{\"id\":\"1\"}', '2022-02-16 09:50:30', '2022-02-16 09:50:30'),
(161, 4, 'admin/operation/supportDetails', 'GET', '127.0.0.1', '{\"id\":\"1\"}', '2022-02-16 09:50:59', '2022-02-16 09:50:59'),
(162, 4, 'admin', 'GET', '127.0.0.1', '[]', '2022-02-16 10:20:04', '2022-02-16 10:20:04'),
(163, 4, 'admin/operation/dashboard', 'GET', '127.0.0.1', '[]', '2022-02-16 10:20:05', '2022-02-16 10:20:05'),
(164, 4, 'admin/operation/interventions', 'GET', '127.0.0.1', '[]', '2022-02-16 10:20:11', '2022-02-16 10:20:11'),
(165, 4, 'admin/operation/ints/3', 'GET', '127.0.0.1', '[]', '2022-02-16 10:20:14', '2022-02-16 10:20:14'),
(166, 4, 'admin/operation/supportDetails', 'GET', '127.0.0.1', '{\"id\":\"3\"}', '2022-02-16 10:20:15', '2022-02-16 10:20:15'),
(167, 4, 'admin/operation/supportDetails', 'GET', '127.0.0.1', '{\"id\":\"3\"}', '2022-02-16 10:26:31', '2022-02-16 10:26:31'),
(168, 4, 'admin/operation/supportDetails', 'GET', '127.0.0.1', '{\"id\":\"3\"}', '2022-02-16 10:27:14', '2022-02-16 10:27:14'),
(169, 4, 'admin/operation/supportDetails', 'GET', '127.0.0.1', '{\"id\":\"3\"}', '2022-02-16 10:27:16', '2022-02-16 10:27:16'),
(170, 4, 'admin/operation/ints/3', 'GET', '127.0.0.1', '[]', '2022-02-16 10:27:37', '2022-02-16 10:27:37'),
(171, 4, 'admin/operation/ints/3', 'GET', '127.0.0.1', '[]', '2022-02-16 10:32:07', '2022-02-16 10:32:07'),
(172, 4, 'admin/operation/ints/3', 'GET', '127.0.0.1', '[]', '2022-02-16 10:33:20', '2022-02-16 10:33:20'),
(173, 4, 'admin/operation/ints/3', 'GET', '127.0.0.1', '[]', '2022-02-16 10:33:36', '2022-02-16 10:33:36'),
(174, 4, 'admin/operation/ints/3', 'GET', '127.0.0.1', '[]', '2022-02-16 10:33:47', '2022-02-16 10:33:47'),
(175, 4, 'admin/operation/ints/3', 'GET', '127.0.0.1', '[]', '2022-02-16 10:33:52', '2022-02-16 10:33:52'),
(176, 4, 'admin/operation/ints/3', 'GET', '127.0.0.1', '[]', '2022-02-16 10:34:07', '2022-02-16 10:34:07'),
(177, 4, 'admin/operation/ints/3', 'GET', '127.0.0.1', '[]', '2022-02-16 10:34:27', '2022-02-16 10:34:27'),
(178, 4, 'admin/operation/ints/3', 'GET', '127.0.0.1', '[]', '2022-02-16 10:34:29', '2022-02-16 10:34:29'),
(179, 4, 'admin/operation/ints/3', 'GET', '127.0.0.1', '[]', '2022-02-16 10:44:57', '2022-02-16 10:44:57'),
(180, 4, 'admin/operation/ints/3', 'GET', '127.0.0.1', '[]', '2022-02-16 10:46:15', '2022-02-16 10:46:15'),
(181, 4, 'admin/operation/ints/3', 'GET', '127.0.0.1', '[]', '2022-02-16 10:46:32', '2022-02-16 10:46:32'),
(182, 4, 'admin/operation/ints/3', 'GET', '127.0.0.1', '[]', '2022-02-16 10:46:37', '2022-02-16 10:46:37'),
(183, 4, 'admin/operation/supportDetails', 'GET', '127.0.0.1', '{\"id\":\"3\"}', '2022-02-16 10:46:40', '2022-02-16 10:46:40'),
(184, 4, 'admin/operation/ints/3', 'GET', '127.0.0.1', '[]', '2022-02-16 10:47:28', '2022-02-16 10:47:28'),
(185, 4, 'admin/operation/ints/3', 'GET', '127.0.0.1', '[]', '2022-02-16 10:50:57', '2022-02-16 10:50:57'),
(186, 4, 'admin/operation/ints/3', 'GET', '127.0.0.1', '[]', '2022-02-16 10:51:36', '2022-02-16 10:51:36'),
(187, 4, 'admin/operation/ints/3', 'GET', '127.0.0.1', '[]', '2022-02-16 10:51:48', '2022-02-16 10:51:48'),
(188, 4, 'admin/operation/ints/3', 'GET', '127.0.0.1', '[]', '2022-02-16 10:51:50', '2022-02-16 10:51:50'),
(189, 4, 'admin/operation/ints/3', 'GET', '127.0.0.1', '[]', '2022-02-16 10:51:58', '2022-02-16 10:51:58'),
(190, 4, 'admin/operation/ints/3', 'GET', '127.0.0.1', '[]', '2022-02-16 10:53:02', '2022-02-16 10:53:02'),
(191, 4, 'admin/operation/ints/3', 'GET', '127.0.0.1', '[]', '2022-02-16 10:53:05', '2022-02-16 10:53:05'),
(192, 4, 'admin/operation/ints/3', 'GET', '127.0.0.1', '[]', '2022-02-16 10:53:16', '2022-02-16 10:53:16'),
(193, 4, 'admin/operation/ints/3', 'GET', '127.0.0.1', '{\"count\":\"30\"}', '2022-02-16 10:53:44', '2022-02-16 10:53:44'),
(194, 4, 'admin/operation/ints/3', 'GET', '127.0.0.1', '{\"count\":\"50\"}', '2022-02-16 10:53:46', '2022-02-16 10:53:46'),
(195, 4, 'admin/operation/ints/3', 'GET', '127.0.0.1', '{\"count\":\"10\"}', '2022-02-16 10:53:49', '2022-02-16 10:53:49'),
(196, 4, 'admin/operation/interventions', 'GET', '127.0.0.1', '[]', '2022-02-17 02:35:12', '2022-02-17 02:35:12'),
(197, 4, 'admin/operation/ints/1', 'GET', '127.0.0.1', '[]', '2022-02-17 02:35:14', '2022-02-17 02:35:14'),
(198, 4, 'admin/operation/operationIntsExecuted', 'GET', '127.0.0.1', '{\"form_id\":[\"1\"],\"to_role\":\"8\"}', '2022-02-17 02:35:20', '2022-02-17 02:35:20'),
(199, 4, 'admin/operation/ints/1', 'GET', '127.0.0.1', '[]', '2022-02-17 02:35:21', '2022-02-17 02:35:21'),
(200, 4, 'admin/operation/interventions', 'GET', '127.0.0.1', '[]', '2022-02-17 02:35:28', '2022-02-17 02:35:28'),
(201, 4, 'admin/operation/interventions', 'GET', '127.0.0.1', '[]', '2022-02-17 02:37:48', '2022-02-17 02:37:48'),
(202, 4, 'admin/operation/interventions', 'GET', '127.0.0.1', '[]', '2022-02-17 02:38:07', '2022-02-17 02:38:07'),
(203, 4, 'admin/operation/ints/2', 'GET', '127.0.0.1', '[]', '2022-02-17 02:38:18', '2022-02-17 02:38:18'),
(204, 4, 'admin', 'GET', '127.0.0.1', '[]', '2022-02-17 02:38:35', '2022-02-17 02:38:35'),
(205, 4, 'admin/operation/dashboard', 'GET', '127.0.0.1', '[]', '2022-02-17 02:38:35', '2022-02-17 02:38:35'),
(206, 4, 'admin/operation/interventions', 'GET', '127.0.0.1', '[]', '2022-02-17 02:38:42', '2022-02-17 02:38:42'),
(207, 4, 'admin/operation/ints/2', 'GET', '127.0.0.1', '[]', '2022-02-17 02:38:44', '2022-02-17 02:38:44'),
(208, 4, 'admin/operation/ints/2', 'GET', '127.0.0.1', '[]', '2022-02-17 02:39:24', '2022-02-17 02:39:24'),
(209, 4, 'admin/operation/operationIntsExecuted', 'GET', '127.0.0.1', '{\"form_id\":[\"2\"],\"to_role\":\"8\"}', '2022-02-17 02:39:29', '2022-02-17 02:39:29'),
(210, 4, 'admin/operation/ints/2', 'GET', '127.0.0.1', '[]', '2022-02-17 02:39:29', '2022-02-17 02:39:29'),
(211, 4, 'admin/operation/ints/2', 'GET', '127.0.0.1', '[]', '2022-02-17 02:39:30', '2022-02-17 02:39:30'),
(212, 4, 'admin/operation/ints/2', 'GET', '127.0.0.1', '[]', '2022-02-17 02:40:10', '2022-02-17 02:40:10'),
(213, 4, 'admin/operation/operationIntsExecuted', 'GET', '127.0.0.1', '{\"form_id\":[\"2\"],\"to_role\":\"8\"}', '2022-02-17 02:40:13', '2022-02-17 02:40:13'),
(214, 4, 'admin/operation/ints/2', 'GET', '127.0.0.1', '[]', '2022-02-17 02:40:14', '2022-02-17 02:40:14'),
(215, 4, 'admin/operation/ints/2', 'GET', '127.0.0.1', '[]', '2022-02-17 02:40:14', '2022-02-17 02:40:14'),
(216, 4, 'admin/operation/ints/2', 'GET', '127.0.0.1', '[]', '2022-02-17 02:41:26', '2022-02-17 02:41:26'),
(217, 4, 'admin/operation/ints/2', 'GET', '127.0.0.1', '[]', '2022-02-17 02:41:56', '2022-02-17 02:41:56'),
(218, 4, 'admin/operation/ints/2', 'GET', '127.0.0.1', '[]', '2022-02-17 02:42:02', '2022-02-17 02:42:02'),
(219, 4, 'admin/operation/operationIntsExecuted', 'GET', '127.0.0.1', '{\"form_id\":[\"2\"],\"to_role\":\"8\"}', '2022-02-17 02:42:04', '2022-02-17 02:42:04'),
(220, 4, 'admin/operation/ints/2', 'GET', '127.0.0.1', '[]', '2022-02-17 02:42:05', '2022-02-17 02:42:05'),
(221, 4, 'admin/operation/ints/2', 'GET', '127.0.0.1', '[]', '2022-02-17 02:42:05', '2022-02-17 02:42:05'),
(222, 4, 'admin/operation/ints/2', 'GET', '127.0.0.1', '[]', '2022-02-17 02:44:25', '2022-02-17 02:44:25'),
(223, 4, 'admin/operation/ints/2', 'GET', '127.0.0.1', '[]', '2022-02-17 02:45:41', '2022-02-17 02:45:41'),
(224, 4, 'admin/operation/operationIntsExecuted', 'GET', '127.0.0.1', '{\"form_id\":[\"2\"],\"to_role\":\"8\"}', '2022-02-17 02:45:43', '2022-02-17 02:45:43'),
(225, 4, 'admin/operation/ints/2', 'GET', '127.0.0.1', '[]', '2022-02-17 02:45:44', '2022-02-17 02:45:44'),
(226, 4, 'admin/operation/ints/2', 'GET', '127.0.0.1', '[]', '2022-02-17 02:45:44', '2022-02-17 02:45:44'),
(227, 4, 'admin/operation/ints/2', 'GET', '127.0.0.1', '[]', '2022-02-17 02:45:54', '2022-02-17 02:45:54'),
(228, 4, 'admin/operation/ints/2', 'GET', '127.0.0.1', '[]', '2022-02-17 02:46:03', '2022-02-17 02:46:03'),
(229, 4, 'admin/operation/ints/2', 'GET', '127.0.0.1', '[]', '2022-02-17 02:46:27', '2022-02-17 02:46:27'),
(230, 4, 'admin/operation/operationIntsExecuted', 'GET', '127.0.0.1', '{\"form_id\":[\"2\"],\"to_role\":\"8\"}', '2022-02-17 02:46:29', '2022-02-17 02:46:29'),
(231, 4, 'admin/operation/ints/2', 'GET', '127.0.0.1', '[]', '2022-02-17 02:46:30', '2022-02-17 02:46:30'),
(232, 4, 'admin/operation/ints/2', 'GET', '127.0.0.1', '[]', '2022-02-17 02:46:30', '2022-02-17 02:46:30'),
(233, 4, 'admin/operation/ints/2', 'GET', '127.0.0.1', '[]', '2022-02-17 02:48:06', '2022-02-17 02:48:06'),
(234, 4, 'admin/operation/operationIntsExecuted', 'GET', '127.0.0.1', '{\"form_id\":[\"2\"],\"to_role\":\"8\"}', '2022-02-17 02:48:09', '2022-02-17 02:48:09'),
(235, 4, 'admin/operation/ints/2', 'GET', '127.0.0.1', '[]', '2022-02-17 02:48:09', '2022-02-17 02:48:09'),
(236, 4, 'admin/operation/ints/2', 'GET', '127.0.0.1', '[]', '2022-02-17 02:48:10', '2022-02-17 02:48:10'),
(237, 4, 'admin/operation/ints/2', 'GET', '127.0.0.1', '[]', '2022-02-17 02:49:12', '2022-02-17 02:49:12'),
(238, 4, 'admin/operation/operationIntsExecuted', 'GET', '127.0.0.1', '{\"form_id\":[\"2\"],\"to_role\":\"8\"}', '2022-02-17 02:49:14', '2022-02-17 02:49:14'),
(239, 4, 'admin/operation/ints/2', 'GET', '127.0.0.1', '[]', '2022-02-17 02:49:15', '2022-02-17 02:49:15'),
(240, 4, 'admin/operation/ints/2', 'GET', '127.0.0.1', '[]', '2022-02-17 02:49:15', '2022-02-17 02:49:15'),
(241, 4, 'admin/operation/ints/2', 'GET', '127.0.0.1', '[]', '2022-02-17 02:50:12', '2022-02-17 02:50:12'),
(242, 4, 'admin/operation/operationIntsExecuted', 'GET', '127.0.0.1', '{\"form_id\":[\"2\"],\"to_role\":\"8\"}', '2022-02-17 02:50:15', '2022-02-17 02:50:15'),
(243, 4, 'admin/operation/ints/2', 'GET', '127.0.0.1', '[]', '2022-02-17 02:50:15', '2022-02-17 02:50:15'),
(244, 4, 'admin/operation/operationIntsExecuted', 'GET', '127.0.0.1', '{\"form_id\":[\"2\"],\"to_role\":\"8\"}', '2022-02-17 02:50:18', '2022-02-17 02:50:18'),
(245, 4, 'admin/operation/ints/2', 'GET', '127.0.0.1', '[]', '2022-02-17 02:50:18', '2022-02-17 02:50:18'),
(246, 4, 'admin/operation/operationIntsExecuted', 'GET', '127.0.0.1', '{\"form_id\":[\"2\"],\"to_role\":\"8\"}', '2022-02-17 02:50:19', '2022-02-17 02:50:19'),
(247, 4, 'admin/operation/operationIntsExecuted', 'GET', '127.0.0.1', '{\"form_id\":[\"2\"],\"to_role\":\"8\"}', '2022-02-17 02:50:19', '2022-02-17 02:50:19'),
(248, 4, 'admin/operation/ints/2', 'GET', '127.0.0.1', '[]', '2022-02-17 02:50:19', '2022-02-17 02:50:19'),
(249, 4, 'admin/operation/operationIntsExecuted', 'GET', '127.0.0.1', '{\"form_id\":[\"2\"],\"to_role\":\"8\"}', '2022-02-17 02:50:19', '2022-02-17 02:50:19'),
(250, 4, 'admin/operation/ints/2', 'GET', '127.0.0.1', '[]', '2022-02-17 02:50:20', '2022-02-17 02:50:20'),
(251, 4, 'admin/operation/ints/2', 'GET', '127.0.0.1', '[]', '2022-02-17 02:50:20', '2022-02-17 02:50:20'),
(252, 4, 'admin/operation/ints/2', 'GET', '127.0.0.1', '[]', '2022-02-17 02:50:36', '2022-02-17 02:50:36'),
(253, 4, 'admin/operation/operationIntsExecuted', 'GET', '127.0.0.1', '{\"form_id\":[\"2\"],\"to_role\":\"8\"}', '2022-02-17 02:50:39', '2022-02-17 02:50:39'),
(254, 4, 'admin/operation/ints/2', 'GET', '127.0.0.1', '[]', '2022-02-17 02:50:40', '2022-02-17 02:50:40'),
(255, 4, 'admin/operation/ints/2', 'GET', '127.0.0.1', '[]', '2022-02-17 02:50:55', '2022-02-17 02:50:55'),
(256, 4, 'admin/operation/operationIntsExecuted', 'GET', '127.0.0.1', '{\"form_id\":[\"2\"],\"to_role\":\"8\"}', '2022-02-17 02:50:57', '2022-02-17 02:50:57'),
(257, 4, 'admin/operation/ints/2', 'GET', '127.0.0.1', '[]', '2022-02-17 02:50:57', '2022-02-17 02:50:57'),
(258, 4, 'admin/operation/operationIntsExecuted', 'GET', '127.0.0.1', '{\"form_id\":[\"2\"],\"to_role\":\"8\"}', '2022-02-17 02:51:00', '2022-02-17 02:51:00'),
(259, 4, 'admin/operation/ints/2', 'GET', '127.0.0.1', '[]', '2022-02-17 02:51:00', '2022-02-17 02:51:00'),
(260, 4, 'admin/operation/ints/2', 'GET', '127.0.0.1', '[]', '2022-02-17 02:51:26', '2022-02-17 02:51:26'),
(261, 4, 'admin/operation/ints/2', 'GET', '127.0.0.1', '[]', '2022-02-17 02:52:14', '2022-02-17 02:52:14'),
(262, 4, 'admin/operation/ints/2', 'GET', '127.0.0.1', '[]', '2022-02-17 02:58:25', '2022-02-17 02:58:25'),
(263, 4, 'admin/operation/ints/2', 'GET', '127.0.0.1', '[]', '2022-02-17 02:58:36', '2022-02-17 02:58:36'),
(264, 4, 'admin/operation/operationIntsExecuted', 'GET', '127.0.0.1', '{\"form_id\":[\"2\"],\"to_role\":\"8\"}', '2022-02-17 02:58:40', '2022-02-17 02:58:40'),
(265, 4, 'admin/operation/ints/2', 'GET', '127.0.0.1', '[]', '2022-02-17 02:58:40', '2022-02-17 02:58:40'),
(266, 4, 'admin/operation/ints/2', 'GET', '127.0.0.1', '[]', '2022-02-17 02:58:41', '2022-02-17 02:58:41'),
(267, 4, 'admin/operation/ints/2', 'GET', '127.0.0.1', '[]', '2022-02-17 02:59:12', '2022-02-17 02:59:12'),
(268, 4, 'admin/operation/operationIntsExecuted', 'GET', '127.0.0.1', '{\"form_id\":[\"2\"],\"to_role\":\"8\"}', '2022-02-17 02:59:29', '2022-02-17 02:59:29'),
(269, 4, 'admin/operation/ints/2', 'GET', '127.0.0.1', '[]', '2022-02-17 02:59:29', '2022-02-17 02:59:29'),
(270, 4, 'admin/operation/ints/2', 'GET', '127.0.0.1', '[]', '2022-02-17 02:59:30', '2022-02-17 02:59:30'),
(271, 4, 'admin/operation/ints/2', 'GET', '127.0.0.1', '[]', '2022-02-17 03:00:38', '2022-02-17 03:00:38'),
(272, 4, 'admin/operation/operationIntsExecuted', 'GET', '127.0.0.1', '{\"form_id\":[\"2\"],\"to_role\":\"8\"}', '2022-02-17 03:00:41', '2022-02-17 03:00:41'),
(273, 4, 'admin/operation/ints/2', 'GET', '127.0.0.1', '[]', '2022-02-17 03:00:41', '2022-02-17 03:00:41'),
(274, 4, 'admin/operation/interventions', 'GET', '127.0.0.1', '[]', '2022-02-17 03:00:48', '2022-02-17 03:00:48'),
(275, 4, 'admin/operation/ints/2', 'GET', '127.0.0.1', '[]', '2022-02-17 03:00:50', '2022-02-17 03:00:50'),
(276, 4, 'admin/operation/ints/2', 'GET', '127.0.0.1', '[]', '2022-02-17 03:07:46', '2022-02-17 03:07:46'),
(277, 4, 'admin/operation/ints/2', 'GET', '127.0.0.1', '[]', '2022-02-17 03:08:39', '2022-02-17 03:08:39'),
(278, 4, 'admin/operation/ints/2', 'GET', '127.0.0.1', '[]', '2022-02-17 03:09:08', '2022-02-17 03:09:08'),
(279, 4, 'admin/operation/operationIntsExecuted', 'GET', '127.0.0.1', '{\"form_id\":[\"2\"],\"to_role\":\"8\"}', '2022-02-17 03:09:33', '2022-02-17 03:09:33'),
(280, 4, 'admin/operation/ints/2', 'GET', '127.0.0.1', '[]', '2022-02-17 03:09:33', '2022-02-17 03:09:33'),
(281, 4, 'admin/operation/interventions', 'GET', '127.0.0.1', '[]', '2022-02-17 03:09:36', '2022-02-17 03:09:36'),
(282, 4, 'admin/operation/ints/3', 'GET', '127.0.0.1', '[]', '2022-02-17 03:09:38', '2022-02-17 03:09:38'),
(283, 4, 'admin/operation/operationDoExecution', 'POST', '127.0.0.1', '{\"form_id\":\"3\",\"to_role\":\"9\",\"_token\":\"RiNvvWNpx1tXWFBH287x5Jek9SeGmIudmvYIFfYR\",\"close_notes\":\"I don\'t know why\"}', '2022-02-17 03:09:48', '2022-02-17 03:09:48'),
(284, 4, 'admin/operation/operationIntsExecuted', 'GET', '127.0.0.1', '{\"form_id\":[\"3\"],\"to_role\":\"8\"}', '2022-02-17 03:10:01', '2022-02-17 03:10:01'),
(285, 4, 'admin/operation/ints/3', 'GET', '127.0.0.1', '[]', '2022-02-17 03:10:02', '2022-02-17 03:10:02'),
(286, 4, 'admin/operation/interventions', 'GET', '127.0.0.1', '[]', '2022-02-17 03:10:07', '2022-02-17 03:10:07'),
(287, 4, 'admin/operation/ints/2', 'GET', '127.0.0.1', '[]', '2022-02-17 03:10:41', '2022-02-17 03:10:41'),
(288, 4, 'admin/operation/interventions', 'GET', '127.0.0.1', '[]', '2022-02-17 03:10:44', '2022-02-17 03:10:44'),
(289, 4, 'admin/operation/ints/1', 'GET', '127.0.0.1', '[]', '2022-02-17 03:10:48', '2022-02-17 03:10:48'),
(290, 4, 'admin/operation/ints/1', 'GET', '127.0.0.1', '[]', '2022-02-17 03:10:56', '2022-02-17 03:10:56'),
(291, 4, 'admin/operation/interventions', 'GET', '127.0.0.1', '[]', '2022-02-17 03:10:59', '2022-02-17 03:10:59'),
(292, 4, 'admin/operation/ints/1', 'GET', '127.0.0.1', '[]', '2022-02-17 03:12:17', '2022-02-17 03:12:17'),
(293, 4, 'admin/operation/interventions', 'GET', '127.0.0.1', '[]', '2022-02-17 03:12:20', '2022-02-17 03:12:20'),
(294, 4, 'admin/operation/ints/3', 'GET', '127.0.0.1', '[]', '2022-02-17 03:12:23', '2022-02-17 03:12:23'),
(295, 2, 'admin', 'GET', '127.0.0.1', '[]', '2022-02-17 03:13:46', '2022-02-17 03:13:46'),
(296, 2, 'admin/development/dashboard', 'GET', '127.0.0.1', '[]', '2022-02-17 03:13:47', '2022-02-17 03:13:47'),
(297, 2, 'admin/auth/logout', 'GET', '127.0.0.1', '[]', '2022-02-17 03:13:50', '2022-02-17 03:13:50'),
(298, 4, 'admin', 'GET', '127.0.0.1', '[]', '2022-02-17 03:13:56', '2022-02-17 03:13:56'),
(299, 4, 'admin/operation/dashboard', 'GET', '127.0.0.1', '[]', '2022-02-17 03:13:57', '2022-02-17 03:13:57'),
(300, 4, 'admin/operation/interventions', 'GET', '127.0.0.1', '[]', '2022-02-17 03:13:59', '2022-02-17 03:13:59'),
(301, 4, 'admin/operation/ints/1', 'GET', '127.0.0.1', '[]', '2022-02-17 03:14:01', '2022-02-17 03:14:01'),
(302, 4, 'admin/operation/ints/1', 'GET', '127.0.0.1', '[]', '2022-02-17 03:14:32', '2022-02-17 03:14:32'),
(303, 4, 'admin/operation/interventions', 'GET', '127.0.0.1', '[]', '2022-02-17 03:14:34', '2022-02-17 03:14:34'),
(304, 4, 'admin/operation/ints/3', 'GET', '127.0.0.1', '[]', '2022-02-17 03:14:35', '2022-02-17 03:14:35'),
(305, 4, 'admin/operation/operationIntsExecuted', 'GET', '127.0.0.1', '{\"form_id\":[\"3\"],\"to_role\":\"8\"}', '2022-02-17 03:14:38', '2022-02-17 03:14:38'),
(306, 4, 'admin/operation/ints/3', 'GET', '127.0.0.1', '[]', '2022-02-17 03:14:39', '2022-02-17 03:14:39'),
(307, 4, 'admin/operation/dashboard', 'GET', '127.0.0.1', '[]', '2022-02-17 03:14:42', '2022-02-17 03:14:42'),
(308, 4, 'admin/operation/interventions', 'GET', '127.0.0.1', '[]', '2022-02-17 03:14:44', '2022-02-17 03:14:44'),
(309, 4, 'admin/operation/ints/1', 'GET', '127.0.0.1', '[]', '2022-02-17 03:14:46', '2022-02-17 03:14:46'),
(310, 4, 'admin/operation/ints/1', 'GET', '127.0.0.1', '[]', '2022-02-17 03:18:47', '2022-02-17 03:18:47'),
(311, 4, 'admin/auth/logout', 'GET', '127.0.0.1', '[]', '2022-02-17 03:18:57', '2022-02-17 03:18:57'),
(312, 2, 'admin', 'GET', '127.0.0.1', '[]', '2022-02-17 03:19:03', '2022-02-17 03:19:03'),
(313, 2, 'admin/development/dashboard', 'GET', '127.0.0.1', '[]', '2022-02-17 03:19:03', '2022-02-17 03:19:03'),
(314, 2, 'admin/development/dashboard', 'GET', '127.0.0.1', '[]', '2022-02-17 03:21:38', '2022-02-17 03:21:38'),
(315, 2, 'admin/development/dashboard', 'GET', '127.0.0.1', '[]', '2022-02-17 03:21:48', '2022-02-17 03:21:48'),
(316, 2, 'admin/development/dashboard', 'GET', '127.0.0.1', '[]', '2022-02-17 03:24:08', '2022-02-17 03:24:08'),
(317, 2, 'admin/development/dashboard', 'GET', '127.0.0.1', '[]', '2022-02-17 03:24:11', '2022-02-17 03:24:11'),
(318, 2, 'admin/development/transferCase', 'GET', '127.0.0.1', '{\"count\":\"10\"}', '2022-02-17 03:24:35', '2022-02-17 03:24:35'),
(319, 2, 'admin/development/interventions', 'GET', '127.0.0.1', '[]', '2022-02-17 03:27:44', '2022-02-17 03:27:44'),
(320, 2, 'admin/development/ints/1', 'GET', '127.0.0.1', '[]', '2022-02-17 03:27:45', '2022-02-17 03:27:45'),
(321, 2, 'admin/development/ints/1', 'GET', '127.0.0.1', '[]', '2022-02-17 03:29:09', '2022-02-17 03:29:09'),
(322, 2, 'admin/development/ints/1', 'GET', '127.0.0.1', '[]', '2022-02-17 03:33:33', '2022-02-17 03:33:33'),
(323, 2, 'admin/auth/logout', 'GET', '127.0.0.1', '[]', '2022-02-17 03:34:06', '2022-02-17 03:34:06'),
(324, 3, 'admin', 'GET', '127.0.0.1', '[]', '2022-02-17 03:34:17', '2022-02-17 03:34:17'),
(325, 3, 'admin/partners/dashboard', 'GET', '127.0.0.1', '[]', '2022-02-17 03:34:18', '2022-02-17 03:34:18');

-- --------------------------------------------------------

--
-- Table structure for table `admin_permissions`
--

CREATE TABLE `admin_permissions` (
  `id` int(10) UNSIGNED NOT NULL,
  `name` varchar(50) COLLATE utf8mb4_unicode_ci NOT NULL,
  `slug` varchar(50) COLLATE utf8mb4_unicode_ci NOT NULL,
  `http_method` varchar(255) COLLATE utf8mb4_unicode_ci DEFAULT NULL,
  `http_path` text COLLATE utf8mb4_unicode_ci DEFAULT NULL,
  `created_at` timestamp NULL DEFAULT NULL,
  `updated_at` timestamp NULL DEFAULT NULL
) ENGINE=InnoDB DEFAULT CHARSET=utf8mb4 COLLATE=utf8mb4_unicode_ci;

--
-- Dumping data for table `admin_permissions`
--

INSERT INTO `admin_permissions` (`id`, `name`, `slug`, `http_method`, `http_path`, `created_at`, `updated_at`) VALUES
(1, 'All permission', '*', '', '*', NULL, NULL),
(2, 'Dashboard', 'dashboard', 'GET', '/', NULL, NULL),
(3, 'Login', 'auth.login', '', '/auth/login\r\n/auth/logout', NULL, NULL),
(4, 'User setting', 'auth.setting', 'GET,PUT', '/auth/setting', NULL, NULL),
(5, 'Auth management', 'auth.management', '', '/auth/roles\r\n/auth/permissions\r\n/auth/menu\r\n/auth/logs', NULL, NULL),
(6, 'development', 'department.development', NULL, '/development*\r\n/', NULL, NULL),
(7, 'partners', 'department.partners', NULL, '/partners*\r\n/', NULL, NULL),
(8, 'operation', 'department.operation', NULL, '/operation*\r\n/', NULL, NULL);

-- --------------------------------------------------------

--
-- Table structure for table `admin_roles`
--

CREATE TABLE `admin_roles` (
  `id` int(10) UNSIGNED NOT NULL,
  `name` varchar(50) COLLATE utf8mb4_unicode_ci NOT NULL,
  `slug` varchar(50) COLLATE utf8mb4_unicode_ci NOT NULL,
  `created_at` timestamp NULL DEFAULT NULL,
  `updated_at` timestamp NULL DEFAULT NULL
) ENGINE=InnoDB DEFAULT CHARSET=utf8mb4 COLLATE=utf8mb4_unicode_ci;

--
-- Dumping data for table `admin_roles`
--

INSERT INTO `admin_roles` (`id`, `name`, `slug`, `created_at`, `updated_at`) VALUES
(1, 'Administrator', 'administrator', '2022-02-16 06:10:48', '2022-02-16 06:10:48'),
(2, 'development', 'development', NULL, NULL),
(3, 'partners', 'partners', NULL, NULL),
(4, 'operation', 'operation', NULL, NULL);

-- --------------------------------------------------------

--
-- Table structure for table `admin_role_menu`
--

CREATE TABLE `admin_role_menu` (
  `role_id` int(11) NOT NULL,
  `menu_id` int(11) NOT NULL,
  `created_at` timestamp NULL DEFAULT NULL,
  `updated_at` timestamp NULL DEFAULT NULL
) ENGINE=InnoDB DEFAULT CHARSET=utf8mb4 COLLATE=utf8mb4_unicode_ci;

--
-- Dumping data for table `admin_role_menu`
--

INSERT INTO `admin_role_menu` (`role_id`, `menu_id`, `created_at`, `updated_at`) VALUES
(1, 2, NULL, NULL);

-- --------------------------------------------------------

--
-- Table structure for table `admin_role_permissions`
--

CREATE TABLE `admin_role_permissions` (
  `role_id` int(11) NOT NULL,
  `permission_id` int(11) NOT NULL,
  `created_at` timestamp NULL DEFAULT NULL,
  `updated_at` timestamp NULL DEFAULT NULL
) ENGINE=InnoDB DEFAULT CHARSET=utf8mb4 COLLATE=utf8mb4_unicode_ci;

--
-- Dumping data for table `admin_role_permissions`
--

INSERT INTO `admin_role_permissions` (`role_id`, `permission_id`, `created_at`, `updated_at`) VALUES
(1, 1, NULL, NULL),
(2, 6, NULL, NULL),
(3, 7, NULL, NULL),
(4, 8, NULL, NULL);

-- --------------------------------------------------------

--
-- Table structure for table `admin_role_users`
--

CREATE TABLE `admin_role_users` (
  `role_id` int(11) NOT NULL,
  `user_id` int(11) NOT NULL,
  `created_at` timestamp NULL DEFAULT NULL,
  `updated_at` timestamp NULL DEFAULT NULL
) ENGINE=InnoDB DEFAULT CHARSET=utf8mb4 COLLATE=utf8mb4_unicode_ci;

--
-- Dumping data for table `admin_role_users`
--

INSERT INTO `admin_role_users` (`role_id`, `user_id`, `created_at`, `updated_at`) VALUES
(1, 1, NULL, NULL),
(2, 2, NULL, NULL),
(3, 3, NULL, NULL),
(4, 4, NULL, NULL);

-- --------------------------------------------------------

--
-- Table structure for table `admin_users`
--

CREATE TABLE `admin_users` (
  `id` int(10) UNSIGNED NOT NULL,
  `username` varchar(190) COLLATE utf8mb4_unicode_ci NOT NULL,
  `password` varchar(60) COLLATE utf8mb4_unicode_ci NOT NULL,
  `name` varchar(255) COLLATE utf8mb4_unicode_ci NOT NULL,
  `avatar` varchar(255) COLLATE utf8mb4_unicode_ci DEFAULT NULL,
  `remember_token` varchar(100) COLLATE utf8mb4_unicode_ci DEFAULT NULL,
  `created_at` timestamp NULL DEFAULT NULL,
  `updated_at` timestamp NULL DEFAULT NULL
) ENGINE=InnoDB DEFAULT CHARSET=utf8mb4 COLLATE=utf8mb4_unicode_ci;

--
-- Dumping data for table `admin_users`
--

INSERT INTO `admin_users` (`id`, `username`, `password`, `name`, `avatar`, `remember_token`, `created_at`, `updated_at`) VALUES
(1, 'admin', '$2y$10$yzUPX/G154V.eV1qghVyQ.2NDdKUjHU8Yo9Bptg.KLzAuw4mX4zd2', 'Administrator', NULL, NULL, '2022-02-16 06:10:48', '2022-02-16 06:10:48'),
(2, 'development', '$2y$10$GEzHQUPEqTLU.GXqj7uZVONTajIlw5qA6J3jhNDyXBczR.NAuP2.O', 'development', NULL, 'uMhVgBamm6Kj2JVQTdDiLSpOsDJZQ0ABvdqOpGZmckaZZh8wVtuzXbO9atDu', NULL, NULL),
(3, 'partners', '$2y$10$ajVF/Sf23dY44//r5EUlRuyji6GeYNyxVRAYpSkDHS8Eq24j6tn.G', 'partners', NULL, 'r2mp8gepDgmTOTpVTBOLCDORGMFqgzdZF44hqwLVhg7m1E7dupH933qKpox7', NULL, NULL),
(4, 'operation', '$2y$10$ycHxyOtb.KhjNkQknULWjOhgYqTDltvnXSfmqKwr.J54PPvm1rO7y', 'operation', NULL, 'KPFxNFmh0jjjgrIf7el6mxxLmMEie0twSM7vrvi9AR8Cl4XEfDwm5cgFVIii', NULL, NULL);

-- --------------------------------------------------------

--
-- Table structure for table `admin_user_permissions`
--

CREATE TABLE `admin_user_permissions` (
  `user_id` int(11) NOT NULL,
  `permission_id` int(11) NOT NULL,
  `created_at` timestamp NULL DEFAULT NULL,
  `updated_at` timestamp NULL DEFAULT NULL
) ENGINE=InnoDB DEFAULT CHARSET=utf8mb4 COLLATE=utf8mb4_unicode_ci;

-- --------------------------------------------------------

--
-- Table structure for table `failed_jobs`
--

CREATE TABLE `failed_jobs` (
  `id` bigint(20) UNSIGNED NOT NULL,
  `uuid` varchar(255) COLLATE utf8mb4_unicode_ci NOT NULL,
  `connection` text COLLATE utf8mb4_unicode_ci NOT NULL,
  `queue` text COLLATE utf8mb4_unicode_ci NOT NULL,
  `payload` longtext COLLATE utf8mb4_unicode_ci NOT NULL,
  `exception` longtext COLLATE utf8mb4_unicode_ci NOT NULL,
  `failed_at` timestamp NOT NULL DEFAULT current_timestamp()
) ENGINE=InnoDB DEFAULT CHARSET=utf8mb4 COLLATE=utf8mb4_unicode_ci;

-- --------------------------------------------------------

--
-- Table structure for table `forms`
--

CREATE TABLE `forms` (
  `id` bigint(20) UNSIGNED NOT NULL,
  `forms_parent_id` int(10) UNSIGNED NOT NULL DEFAULT 0,
  `int_id` int(10) UNSIGNED DEFAULT 0,
  `status` int(10) UNSIGNED DEFAULT 1,
  `role_id` int(10) UNSIGNED DEFAULT 1,
  `created_at` timestamp NULL DEFAULT NULL,
  `updated_at` timestamp NULL DEFAULT NULL
) ENGINE=InnoDB DEFAULT CHARSET=utf8mb4 COLLATE=utf8mb4_unicode_ci;

--
-- Dumping data for table `forms`
--

INSERT INTO `forms` (`id`, `forms_parent_id`, `int_id`, `status`, `role_id`, `created_at`, `updated_at`) VALUES
(1, 1, 1, 8, 1, '2022-02-16 06:10:57', '2022-02-16 09:35:50'),
(2, 1, 2, 8, 1, '2022-02-16 06:10:57', '2022-02-16 09:35:38'),
(3, 1, 3, 8, 1, '2022-02-16 06:10:57', '2022-02-17 03:09:48');

-- --------------------------------------------------------

--
-- Table structure for table `forms_parent`
--

CREATE TABLE `forms_parent` (
  `id` bigint(20) UNSIGNED NOT NULL,
  `pen_id` bigint(20) NOT NULL DEFAULT 0,
  `family_count` int(10) UNSIGNED DEFAULT 0,
  `able_to_work` int(10) UNSIGNED DEFAULT 0,
  `need` double(15,8) DEFAULT 0.00000000,
  `development` double(15,8) DEFAULT 0.00000000,
  `created_at` timestamp NULL DEFAULT NULL,
  `updated_at` timestamp NULL DEFAULT NULL
) ENGINE=InnoDB DEFAULT CHARSET=utf8mb4 COLLATE=utf8mb4_unicode_ci;

--
-- Dumping data for table `forms_parent`
--

INSERT INTO `forms_parent` (`id`, `pen_id`, `family_count`, `able_to_work`, `need`, `development`, `created_at`, `updated_at`) VALUES
(1, 1, 10, 2, 49.00000000, 30.00000000, '2022-02-16 06:10:57', '2022-02-16 06:10:57');

-- --------------------------------------------------------

--
-- Table structure for table `form_approved`
--

CREATE TABLE `form_approved` (
  `id` bigint(20) UNSIGNED NOT NULL,
  `form_id` int(11) NOT NULL DEFAULT 0,
  `reference_number` bigint(20) DEFAULT 12,
  `created_at` timestamp NULL DEFAULT NULL,
  `updated_at` timestamp NULL DEFAULT NULL
) ENGINE=InnoDB DEFAULT CHARSET=utf8mb4 COLLATE=utf8mb4_unicode_ci;

--
-- Dumping data for table `form_approved`
--

INSERT INTO `form_approved` (`id`, `form_id`, `reference_number`, `created_at`, `updated_at`) VALUES
(1, 2, 5062381, '2022-02-16 09:35:38', '2022-02-16 09:35:38'),
(2, 3, 4145465, '2022-02-16 09:35:44', '2022-02-16 09:35:44'),
(3, 1, 9138398, '2022-02-16 09:35:50', '2022-02-16 09:35:50');

-- --------------------------------------------------------

--
-- Table structure for table `form_confirmation_code`
--

CREATE TABLE `form_confirmation_code` (
  `id` bigint(20) UNSIGNED NOT NULL,
  `form_id` int(11) NOT NULL,
  `confirmation_code` bigint(20) DEFAULT NULL,
  `created_at` timestamp NULL DEFAULT NULL,
  `updated_at` timestamp NULL DEFAULT NULL
) ENGINE=InnoDB DEFAULT CHARSET=utf8mb4 COLLATE=utf8mb4_unicode_ci;

-- --------------------------------------------------------

--
-- Table structure for table `form_extra`
--

CREATE TABLE `form_extra` (
  `id` bigint(20) UNSIGNED NOT NULL,
  `form_id` int(11) DEFAULT 0,
  `key` varchar(100) COLLATE utf8mb4_unicode_ci DEFAULT '',
  `value` varchar(100) COLLATE utf8mb4_unicode_ci DEFAULT '',
  `created_at` timestamp NULL DEFAULT NULL,
  `updated_at` timestamp NULL DEFAULT NULL,
  `label` varchar(100) COLLATE utf8mb4_unicode_ci DEFAULT ''
) ENGINE=InnoDB DEFAULT CHARSET=utf8mb4 COLLATE=utf8mb4_unicode_ci;

-- --------------------------------------------------------

--
-- Table structure for table `form_providers`
--

CREATE TABLE `form_providers` (
  `id` bigint(20) UNSIGNED NOT NULL,
  `form_id` int(10) UNSIGNED DEFAULT 0,
  `provider_id` int(10) UNSIGNED DEFAULT 0,
  `extra_name` varchar(250) COLLATE utf8mb4_unicode_ci NOT NULL,
  `extra_person_name` varchar(250) COLLATE utf8mb4_unicode_ci DEFAULT 'none',
  `extra_phone` varchar(12) COLLATE utf8mb4_unicode_ci NOT NULL,
  `extra_email` varchar(250) COLLATE utf8mb4_unicode_ci NOT NULL,
  `extra_notes` text COLLATE utf8mb4_unicode_ci NOT NULL,
  `created_at` timestamp NULL DEFAULT NULL,
  `updated_at` timestamp NULL DEFAULT NULL
) ENGINE=InnoDB DEFAULT CHARSET=utf8mb4 COLLATE=utf8mb4_unicode_ci;

--
-- Dumping data for table `form_providers`
--

INSERT INTO `form_providers` (`id`, `form_id`, `provider_id`, `extra_name`, `extra_person_name`, `extra_phone`, `extra_email`, `extra_notes`, `created_at`, `updated_at`) VALUES
(1, 3, 1, '', 'none', '', '', '', NULL, NULL),
(2, 2, 1, '', 'none', '', '', '', NULL, NULL),
(3, 1, 1, '', 'none', '', '', '', NULL, NULL);

-- --------------------------------------------------------

--
-- Table structure for table `form_rejected`
--

CREATE TABLE `form_rejected` (
  `id` bigint(20) UNSIGNED NOT NULL,
  `form_id` int(11) NOT NULL,
  `reason` text COLLATE utf8mb4_unicode_ci NOT NULL,
  `created_at` timestamp NULL DEFAULT NULL,
  `updated_at` timestamp NULL DEFAULT NULL
) ENGINE=InnoDB DEFAULT CHARSET=utf8mb4 COLLATE=utf8mb4_unicode_ci;

-- --------------------------------------------------------

--
-- Table structure for table `form_status`
--

CREATE TABLE `form_status` (
  `id` bigint(20) UNSIGNED NOT NULL,
  `name_ar` varchar(100) COLLATE utf8mb4_unicode_ci DEFAULT 'text',
  `name_en` varchar(100) COLLATE utf8mb4_unicode_ci DEFAULT 'none',
  `created_at` timestamp NULL DEFAULT NULL,
  `updated_at` timestamp NULL DEFAULT NULL
) ENGINE=InnoDB DEFAULT CHARSET=utf8mb4 COLLATE=utf8mb4_unicode_ci;

--
-- Dumping data for table `form_status`
--

INSERT INTO `form_status` (`id`, `name_ar`, `name_en`, `created_at`, `updated_at`) VALUES
(1, '', 'placed', '2022-02-16 06:10:35', '2022-02-16 06:10:35'),
(2, '  ', 'submitted', '2022-02-16 06:10:35', '2022-02-16 06:10:35'),
(3, '', 'confirmed', '2022-02-16 06:10:35', '2022-02-16 06:10:35'),
(4, '', 'transfered', '2022-02-16 06:10:35', '2022-02-16 06:10:35'),
(5, ' ', 'partners waiting', '2022-02-16 06:10:35', '2022-02-16 06:10:35'),
(6, '', 'Attached to provider', '2022-02-16 06:10:35', '2022-02-16 06:10:35'),
(7, '', 'Execution', '2022-02-16 06:10:35', '2022-02-16 06:10:35'),
(8, '', 'Executed', '2022-02-16 06:10:35', '2022-02-16 06:10:35'),
(9, '', 'Closed', '2022-02-16 06:10:35', '2022-02-16 06:10:35'),
(10, '', 'Hanged', '2022-02-16 06:10:35', '2022-02-16 06:10:35');

-- --------------------------------------------------------

--
-- Table structure for table `form_submission`
--

CREATE TABLE `form_submission` (
  `id` bigint(20) UNSIGNED NOT NULL,
  `form_id` int(10) UNSIGNED DEFAULT 0,
  `pen_id` bigint(20) DEFAULT 0,
  `is_confirmed` int(10) UNSIGNED DEFAULT 0,
  `created_at` timestamp NULL DEFAULT NULL,
  `updated_at` timestamp NULL DEFAULT NULL
) ENGINE=InnoDB DEFAULT CHARSET=utf8mb4 COLLATE=utf8mb4_unicode_ci;

--
-- Dumping data for table `form_submission`
--

INSERT INTO `form_submission` (`id`, `form_id`, `pen_id`, `is_confirmed`, `created_at`, `updated_at`) VALUES
(1, 3, 1, 0, '2022-02-16 06:10:57', '2022-02-16 06:10:57'),
(2, 1, 1, 0, '2022-02-16 06:12:01', NULL),
(3, 2, 1, 0, '2022-02-16 06:12:18', NULL);

-- --------------------------------------------------------

--
-- Table structure for table `form_submission_answers`
--

CREATE TABLE `form_submission_answers` (
  `id` bigint(20) UNSIGNED NOT NULL,
  `question_id` int(10) UNSIGNED DEFAULT 0,
  `submission_id` int(10) UNSIGNED DEFAULT 0,
  `answer` text COLLATE utf8mb4_unicode_ci NOT NULL,
  `created_at` timestamp NULL DEFAULT NULL,
  `updated_at` timestamp NULL DEFAULT NULL
) ENGINE=InnoDB DEFAULT CHARSET=utf8mb4 COLLATE=utf8mb4_unicode_ci;

--
-- Dumping data for table `form_submission_answers`
--

INSERT INTO `form_submission_answers` (`id`, `question_id`, `submission_id`, `answer`, `created_at`, `updated_at`) VALUES
(1, 11, 1, '', '2022-02-16 06:10:57', '2022-02-16 06:10:57'),
(2, 12, 1, ' ', '2022-02-16 06:10:57', '2022-02-16 06:10:57'),
(3, 13, 1, ' ', '2022-02-16 06:10:57', '2022-02-16 06:10:57'),
(4, 14, 1, ' ', '2022-02-16 06:10:57', '2022-02-16 06:10:57'),
(5, 15, 1, '4', '2022-02-16 06:10:57', '2022-02-16 06:10:57'),
(6, 16, 1, '', '2022-02-16 06:10:57', '2022-02-16 06:10:57'),
(7, 3, 2, '30', NULL, NULL),
(8, 4, 2, '1000', NULL, NULL),
(9, 5, 2, '0555555555', NULL, NULL),
(10, 1, 2, 'http://localhost:8000/uploads/620cbfe1159cb.PNG', NULL, NULL),
(11, 2, 2, 'http://localhost:8000/uploads/620cbfe116307.PNG', NULL, NULL),
(12, 7, 3, '600', NULL, NULL),
(13, 8, 3, '2022-02-17', NULL, NULL),
(14, 9, 3, 'Ttest', NULL, NULL),
(15, 10, 3, '0566666666', NULL, NULL),
(16, 6, 3, 'http://localhost:8000/uploads/620cbff27f25c.PNG', NULL, NULL);

-- --------------------------------------------------------

--
-- Table structure for table `input_related_ints`
--

CREATE TABLE `input_related_ints` (
  `id` bigint(20) UNSIGNED NOT NULL,
  `int_id` int(10) UNSIGNED NOT NULL DEFAULT 1,
  `created_at` timestamp NULL DEFAULT NULL,
  `updated_at` timestamp NULL DEFAULT NULL
) ENGINE=InnoDB DEFAULT CHARSET=utf8mb4 COLLATE=utf8mb4_unicode_ci;

--
-- Dumping data for table `input_related_ints`
--

INSERT INTO `input_related_ints` (`id`, `int_id`, `created_at`, `updated_at`) VALUES
(1, 1, NULL, NULL),
(2, 2, NULL, NULL);

-- --------------------------------------------------------

--
-- Table structure for table `ints`
--

CREATE TABLE `ints` (
  `id` bigint(20) UNSIGNED NOT NULL,
  `name_en` varchar(250) COLLATE utf8mb4_unicode_ci DEFAULT NULL,
  `name_ar` varchar(250) COLLATE utf8mb4_unicode_ci DEFAULT NULL,
  `parent` int(10) UNSIGNED DEFAULT NULL,
  `image` text COLLATE utf8mb4_unicode_ci DEFAULT NULL,
  `created_at` timestamp NULL DEFAULT NULL,
  `updated_at` timestamp NULL DEFAULT NULL
) ENGINE=InnoDB DEFAULT CHARSET=utf8mb4 COLLATE=utf8mb4_unicode_ci;

--
-- Dumping data for table `ints`
--

INSERT INTO `ints` (`id`, `name_en`, `name_ar`, `parent`, `image`, `created_at`, `updated_at`) VALUES
(1, 'Maintenance', '  ', 1, 'img/house_searching.svg', '2022-02-16 06:10:32', '2022-02-16 06:10:32'),
(2, 'Rental Support', ' ', 1, 'img/buy_house.svg', '2022-02-16 06:10:32', '2022-02-16 06:10:32'),
(3, 'Replacement', '', 1, 'img/for_sale.svg', '2022-02-16 06:10:32', '2022-02-16 06:10:32'),
(4, 'Fulfilling', '', 2, '', '2022-02-16 06:10:32', '2022-02-16 06:10:32'),
(5, 'Partial Debts Fulfilling', '  ', 2, '', '2022-02-16 06:10:32', '2022-02-16 06:10:32'),
(6, 'Solving an issue', ' ', 2, '', '2022-02-16 06:10:32', '2022-02-16 06:10:32'),
(7, 'Supporting In Need', ' ', 2, '', '2022-02-16 06:10:32', '2022-02-16 06:10:32');

-- --------------------------------------------------------

--
-- Table structure for table `int_parent`
--

CREATE TABLE `int_parent` (
  `id` bigint(20) UNSIGNED NOT NULL,
  `name_en` varchar(250) COLLATE utf8mb4_unicode_ci DEFAULT NULL,
  `name_ar` varchar(250) COLLATE utf8mb4_unicode_ci DEFAULT NULL,
  `created_at` timestamp NULL DEFAULT NULL,
  `updated_at` timestamp NULL DEFAULT NULL
) ENGINE=InnoDB DEFAULT CHARSET=utf8mb4 COLLATE=utf8mb4_unicode_ci;

--
-- Dumping data for table `int_parent`
--

INSERT INTO `int_parent` (`id`, `name_en`, `name_ar`, `created_at`, `updated_at`) VALUES
(1, 'Housing interventions', '   ', '2022-02-16 06:10:33', '2022-02-16 06:10:33'),
(2, 'Depts interventions', '   ', '2022-02-16 06:10:33', '2022-02-16 06:10:33'),
(3, 'Health interventions', '   ', '2022-02-16 06:10:33', '2022-02-16 06:10:33'),
(4, 'Jobs Capabilities', '     ', '2022-02-16 06:10:33', '2022-02-16 06:10:33'),
(5, 'Logestics interventions', ' ', '2022-02-16 06:10:33', '2022-02-16 06:10:33'),
(6, 'Debts with issues interventitons', '  ', '2022-02-16 06:10:33', '2022-02-16 06:10:33'),
(7, 'Transportation interventions', ' ', '2022-02-16 06:10:33', '2022-02-16 06:10:33');

-- --------------------------------------------------------

--
-- Table structure for table `int_questions`
--

CREATE TABLE `int_questions` (
  `id` bigint(20) UNSIGNED NOT NULL,
  `int_id` int(10) UNSIGNED NOT NULL,
  `name_ar` varchar(250) COLLATE utf8mb4_unicode_ci DEFAULT NULL,
  `name_en` varchar(250) COLLATE utf8mb4_unicode_ci DEFAULT NULL,
  `description_ar` text COLLATE utf8mb4_unicode_ci DEFAULT NULL,
  `description_en` text COLLATE utf8mb4_unicode_ci DEFAULT NULL,
  `question_type` enum('text','number','phone','file','date') COLLATE utf8mb4_unicode_ci DEFAULT 'text',
  `summable` int(10) UNSIGNED NOT NULL DEFAULT 0,
  `is_required` int(10) UNSIGNED NOT NULL DEFAULT 0,
  `attribute` varchar(30) COLLATE utf8mb4_unicode_ci DEFAULT NULL,
  `rules` text COLLATE utf8mb4_unicode_ci DEFAULT NULL,
  `created_at` timestamp NULL DEFAULT NULL,
  `updated_at` timestamp NULL DEFAULT NULL
) ENGINE=InnoDB DEFAULT CHARSET=utf8mb4 COLLATE=utf8mb4_unicode_ci;

--
-- Dumping data for table `int_questions`
--

INSERT INTO `int_questions` (`id`, `int_id`, `name_ar`, `name_en`, `description_ar`, `description_en`, `question_type`, `summable`, `is_required`, `attribute`, `rules`, `created_at`, `updated_at`) VALUES
(1, 1, '    ', 'Current House Status Photo', '', '', 'pdf', 0, 1, '', '', '2022-02-16 06:10:32', '2022-02-16 06:10:32'),
(2, 1, '  ', 'Contractor Invoice', '', '', 'file', 0, 1, '', '', '2022-02-16 06:10:32', '2022-02-16 06:10:32'),
(3, 1, ' ', 'Work duration', '', '', 'number', 0, 1, '', '', '2022-02-16 06:10:32', '2022-02-16 06:10:32'),
(4, 1, '', 'Work Value', '', '', 'number', 1, 1, '', '', '2022-02-16 06:10:32', '2022-02-16 06:10:32'),
(5, 1, '  ', 'Contact number of contractor', '', '', 'phone', 0, 1, '', '', '2022-02-16 06:10:32', '2022-02-16 06:10:32'),
(6, 2, ' ', 'Contract Photo', '', '', 'file', 0, 1, '', '', '2022-02-16 06:10:32', '2022-02-16 06:10:32'),
(7, 2, ' ', 'Rental Value', '', '', 'number', 1, 1, '', '', '2022-02-16 06:10:32', '2022-02-16 06:10:32'),
(8, 2, ' ', 'Collection Date', '', '', 'date', 0, 1, '', '', '2022-02-16 06:10:32', '2022-02-16 06:10:32'),
(9, 2, ' ', 'Owner Name', '', '', 'text', 0, 1, '', '', '2022-02-16 06:10:32', '2022-02-16 06:10:32'),
(10, 2, '  ', 'Owner Contact Number', '', '', 'phone', 0, 1, '', '', '2022-02-16 06:10:32', '2022-02-16 06:10:32'),
(11, 3, '', '', '', '', 'text', 0, 0, '', '', '2022-02-16 06:10:32', '2022-02-16 06:10:32'),
(12, 3, '', '', '', '', 'text', 0, 0, '', '', '2022-02-16 06:10:32', '2022-02-16 06:10:32'),
(13, 3, '', '', '', '', 'text', 0, 0, '', '', '2022-02-16 06:10:32', '2022-02-16 06:10:32'),
(14, 3, '', '', '', '', 'text', 0, 0, '', '', '2022-02-16 06:10:32', '2022-02-16 06:10:32'),
(15, 3, ' ', ' ', '', '', 'number', 1, 0, '', '', '2022-02-16 06:10:32', '2022-02-16 06:10:32'),
(16, 3, '  ', '  ', '', '', 'text', 0, 0, '', '', '2022-02-16 06:10:32', '2022-02-16 06:10:32');

-- --------------------------------------------------------

--
-- Table structure for table `migrations`
--

CREATE TABLE `migrations` (
  `id` int(10) UNSIGNED NOT NULL,
  `migration` varchar(255) COLLATE utf8mb4_unicode_ci NOT NULL,
  `batch` int(11) NOT NULL
) ENGINE=InnoDB DEFAULT CHARSET=utf8mb4 COLLATE=utf8mb4_unicode_ci;

--
-- Dumping data for table `migrations`
--

INSERT INTO `migrations` (`id`, `migration`, `batch`) VALUES
(1, '2014_10_12_000000_create_users_table', 1),
(2, '2014_10_12_100000_create_password_resets_table', 1),
(3, '2016_01_04_173148_create_admin_tables', 1),
(4, '2019_08_19_000000_create_failed_jobs_table', 1),
(5, '2019_12_14_000001_create_personal_access_tokens_table', 1),
(6, '2022_01_18_122636_create_providers_table', 1),
(7, '2022_02_01_084656_create_forms_table', 1),
(8, '2022_02_01_084929_create_form_status_table', 1),
(9, '2022_02_01_085225_create_form_submission_table', 1),
(10, '2022_02_01_085355_create_form_submission_answers_table', 1),
(11, '2022_02_01_085446_create_ints_table', 1),
(12, '2022_02_01_085707_create_int_questions_table', 1),
(13, '2022_02_01_090041_create_int_parent_table', 1),
(14, '2022_02_01_090222_create_pens_table', 1),
(15, '2022_02_02_120442_create_form_providers_table', 1),
(16, '2022_02_02_121420_add_person_name_to_providers_table', 1),
(17, '2022_02_02_121646_add_person_name_to_form_providers_table', 1),
(18, '2022_02_03_103306_add_name_ar_to_form_status_table', 1),
(19, '2022_02_13_095047_create_form_approved_table', 1),
(20, '2022_02_15_095047_create_form_confirmation_code_table', 1),
(21, '2022_02_15_095047_create_form_rejected_table', 1),
(22, '2022_02_15_100304_create_forms_parent_table', 1),
(23, '2022_02_15_100511_drop_extra_columns_from_forms_table', 1),
(24, '2022_02_15_105837_create_form_extra_table', 1),
(25, '2022_02_15_110924_add_label_to_form_extra_table', 1),
(26, '2022_02_16_073220_create_input_related_ints_table', 1);

-- --------------------------------------------------------

--
-- Table structure for table `password_resets`
--

CREATE TABLE `password_resets` (
  `id` int(10) UNSIGNED NOT NULL,
  `email` varchar(255) COLLATE utf8mb4_unicode_ci NOT NULL,
  `token` varchar(255) COLLATE utf8mb4_unicode_ci NOT NULL,
  `created_at` timestamp NULL DEFAULT NULL
) ENGINE=InnoDB DEFAULT CHARSET=utf8mb4 COLLATE=utf8mb4_unicode_ci;

-- --------------------------------------------------------

--
-- Table structure for table `pens`
--

CREATE TABLE `pens` (
  `id` bigint(20) UNSIGNED NOT NULL,
  `personal_id` bigint(20) NOT NULL,
  `name` varchar(250) COLLATE utf8mb4_unicode_ci DEFAULT 'none',
  `created_at` timestamp NULL DEFAULT NULL,
  `updated_at` timestamp NULL DEFAULT NULL
) ENGINE=InnoDB DEFAULT CHARSET=utf8mb4 COLLATE=utf8mb4_unicode_ci;

--
-- Dumping data for table `pens`
--

INSERT INTO `pens` (`id`, `personal_id`, `name`, `created_at`, `updated_at`) VALUES
(1, 2886822623, '   ', '2022-02-16 06:10:54', '2022-02-16 06:10:54'),
(2, 1944061366, '  ', '2022-02-16 06:10:54', '2022-02-16 06:10:54'),
(3, 2477017951, ' ', '2022-02-16 06:10:54', '2022-02-16 06:10:54'),
(4, 1845385848, '   ', '2022-02-16 06:10:54', '2022-02-16 06:10:54'),
(5, 2273623400, '  ', '2022-02-16 06:10:55', '2022-02-16 06:10:55'),
(6, 2942896869, ' ', '2022-02-16 06:10:55', '2022-02-16 06:10:55'),
(7, 1594672076, ' ', '2022-02-16 06:10:55', '2022-02-16 06:10:55'),
(8, 2269776364, '  ,  ', '2022-02-16 06:10:55', '2022-02-16 06:10:55'),
(9, 1710385346, ' ', '2022-02-16 06:10:55', '2022-02-16 06:10:55'),
(10, 1299951694, ' ', '2022-02-16 06:10:55', '2022-02-16 06:10:55'),
(11, 2892716219, ' ', '2022-02-16 06:10:55', '2022-02-16 06:10:55'),
(12, 1083412856, ' ', '2022-02-16 06:10:55', '2022-02-16 06:10:55'),
(13, 1859618937, ' ', '2022-02-16 06:10:55', '2022-02-16 06:10:55'),
(14, 2218297450, ' ', '2022-02-16 06:10:55', '2022-02-16 06:10:55'),
(15, 2287554929, ' ', '2022-02-16 06:10:55', '2022-02-16 06:10:55'),
(16, 2029075786, '  ', '2022-02-16 06:10:55', '2022-02-16 06:10:55'),
(17, 2414181858, ' ', '2022-02-16 06:10:55', '2022-02-16 06:10:55'),
(18, 1809232358, '  ', '2022-02-16 06:10:55', '2022-02-16 06:10:55'),
(19, 2774496514, '   ', '2022-02-16 06:10:55', '2022-02-16 06:10:55'),
(20, 1660507543, '  ', '2022-02-16 06:10:55', '2022-02-16 06:10:55'),
(21, 1753717277, ' ', '2022-02-16 06:10:55', '2022-02-16 06:10:55'),
(22, 2017001597, ' ', '2022-02-16 06:10:55', '2022-02-16 06:10:55'),
(23, 1041467499, ' ', '2022-02-16 06:10:55', '2022-02-16 06:10:55'),
(24, 2743858724, '  ', '2022-02-16 06:10:55', '2022-02-16 06:10:55'),
(25, 1643440481, ' ', '2022-02-16 06:10:55', '2022-02-16 06:10:55'),
(26, 1486328568, '  ', '2022-02-16 06:10:55', '2022-02-16 06:10:55'),
(27, 1717259589, '  ', '2022-02-16 06:10:55', '2022-02-16 06:10:55'),
(28, 2043449263, '  ', '2022-02-16 06:10:55', '2022-02-16 06:10:55'),
(29, 2307642556, '  ', '2022-02-16 06:10:55', '2022-02-16 06:10:55'),
(30, 2247111288, ' ', '2022-02-16 06:10:55', '2022-02-16 06:10:55'),
(31, 1639655062, '  ', '2022-02-16 06:10:56', '2022-02-16 06:10:56'),
(32, 2135674833, '  ', '2022-02-16 06:10:56', '2022-02-16 06:10:56'),
(33, 1212273466, ' ', '2022-02-16 06:10:56', '2022-02-16 06:10:56'),
(34, 1783989968, ' ', '2022-02-16 06:10:56', '2022-02-16 06:10:56'),
(35, 1907521327, ' ', '2022-02-16 06:10:56', '2022-02-16 06:10:56'),
(36, 1701218518, '  ', '2022-02-16 06:10:56', '2022-02-16 06:10:56'),
(37, 1245691464, ' ', '2022-02-16 06:10:56', '2022-02-16 06:10:56'),
(38, 1907765647, ' ', '2022-02-16 06:10:56', '2022-02-16 06:10:56'),
(39, 2644877715, ' ', '2022-02-16 06:10:56', '2022-02-16 06:10:56'),
(40, 2458946287, '  ', '2022-02-16 06:10:56', '2022-02-16 06:10:56'),
(41, 1829244142, ' ', '2022-02-16 06:10:56', '2022-02-16 06:10:56'),
(42, 1968870140, ' ', '2022-02-16 06:10:56', '2022-02-16 06:10:56'),
(43, 2586411335, ' ', '2022-02-16 06:10:56', '2022-02-16 06:10:56'),
(44, 1304849697, ' ', '2022-02-16 06:10:56', '2022-02-16 06:10:56'),
(45, 1842095636, ' ', '2022-02-16 06:10:56', '2022-02-16 06:10:56'),
(46, 1319271708, '    ', '2022-02-16 06:10:56', '2022-02-16 06:10:56'),
(47, 1895858514, ' ', '2022-02-16 06:10:56', '2022-02-16 06:10:56'),
(48, 2251923964, '  ', '2022-02-16 06:10:56', '2022-02-16 06:10:56'),
(49, 2524243884, '   ', '2022-02-16 06:10:56', '2022-02-16 06:10:56'),
(50, 1003371287, '  ', '2022-02-16 06:10:56', '2022-02-16 06:10:56');

-- --------------------------------------------------------

--
-- Table structure for table `personal_access_tokens`
--

CREATE TABLE `personal_access_tokens` (
  `id` bigint(20) UNSIGNED NOT NULL,
  `tokenable_type` varchar(255) COLLATE utf8mb4_unicode_ci NOT NULL,
  `tokenable_id` bigint(20) UNSIGNED NOT NULL,
  `name` varchar(255) COLLATE utf8mb4_unicode_ci NOT NULL,
  `token` varchar(64) COLLATE utf8mb4_unicode_ci NOT NULL,
  `abilities` text COLLATE utf8mb4_unicode_ci DEFAULT NULL,
  `last_used_at` timestamp NULL DEFAULT NULL,
  `created_at` timestamp NULL DEFAULT NULL,
  `updated_at` timestamp NULL DEFAULT NULL
) ENGINE=InnoDB DEFAULT CHARSET=utf8mb4 COLLATE=utf8mb4_unicode_ci;

-- --------------------------------------------------------

--
-- Table structure for table `providers`
--

CREATE TABLE `providers` (
  `id` bigint(20) UNSIGNED NOT NULL,
  `name` varchar(250) COLLATE utf8mb4_unicode_ci NOT NULL,
  `person_name` varchar(250) COLLATE utf8mb4_unicode_ci DEFAULT 'none',
  `phone` varchar(12) COLLATE utf8mb4_unicode_ci NOT NULL,
  `email` varchar(250) COLLATE utf8mb4_unicode_ci NOT NULL,
  `full_address` text COLLATE utf8mb4_unicode_ci NOT NULL,
  `created_at` timestamp NULL DEFAULT NULL,
  `updated_at` timestamp NULL DEFAULT NULL
) ENGINE=InnoDB DEFAULT CHARSET=utf8mb4 COLLATE=utf8mb4_unicode_ci;

--
-- Dumping data for table `providers`
--

INSERT INTO `providers` (`id`, `name`, `person_name`, `phone`, `email`, `full_address`, `created_at`, `updated_at`) VALUES
(1, '   ', '  ', '0500000000', 'test@test.com', '', NULL, NULL);

-- --------------------------------------------------------

--
-- Table structure for table `users`
--

CREATE TABLE `users` (
  `id` bigint(20) UNSIGNED NOT NULL,
  `name` varchar(255) COLLATE utf8mb4_unicode_ci NOT NULL,
  `email` varchar(255) COLLATE utf8mb4_unicode_ci NOT NULL,
  `email_verified_at` timestamp NULL DEFAULT NULL,
  `password` varchar(255) COLLATE utf8mb4_unicode_ci NOT NULL,
  `remember_token` varchar(100) COLLATE utf8mb4_unicode_ci DEFAULT NULL,
  `created_at` timestamp NULL DEFAULT NULL,
  `updated_at` timestamp NULL DEFAULT NULL
) ENGINE=InnoDB DEFAULT CHARSET=utf8mb4 COLLATE=utf8mb4_unicode_ci;

--
-- Indexes for dumped tables
--

--
-- Indexes for table `admin_menu`
--
ALTER TABLE `admin_menu`
  ADD PRIMARY KEY (`id`);

--
-- Indexes for table `admin_operation_log`
--
ALTER TABLE `admin_operation_log`
  ADD PRIMARY KEY (`id`),
  ADD KEY `admin_operation_log_user_id_index` (`user_id`);

--
-- Indexes for table `admin_permissions`
--
ALTER TABLE `admin_permissions`
  ADD PRIMARY KEY (`id`),
  ADD UNIQUE KEY `admin_permissions_name_unique` (`name`),
  ADD UNIQUE KEY `admin_permissions_slug_unique` (`slug`);

--
-- Indexes for table `admin_roles`
--
ALTER TABLE `admin_roles`
  ADD PRIMARY KEY (`id`),
  ADD UNIQUE KEY `admin_roles_name_unique` (`name`),
  ADD UNIQUE KEY `admin_roles_slug_unique` (`slug`);

--
-- Indexes for table `admin_role_menu`
--
ALTER TABLE `admin_role_menu`
  ADD KEY `admin_role_menu_role_id_menu_id_index` (`role_id`,`menu_id`);

--
-- Indexes for table `admin_role_permissions`
--
ALTER TABLE `admin_role_permissions`
  ADD KEY `admin_role_permissions_role_id_permission_id_index` (`role_id`,`permission_id`);

--
-- Indexes for table `admin_role_users`
--
ALTER TABLE `admin_role_users`
  ADD KEY `admin_role_users_role_id_user_id_index` (`role_id`,`user_id`);

--
-- Indexes for table `admin_users`
--
ALTER TABLE `admin_users`
  ADD PRIMARY KEY (`id`),
  ADD UNIQUE KEY `admin_users_username_unique` (`username`);

--
-- Indexes for table `admin_user_permissions`
--
ALTER TABLE `admin_user_permissions`
  ADD KEY `admin_user_permissions_user_id_permission_id_index` (`user_id`,`permission_id`);

--
-- Indexes for table `failed_jobs`
--
ALTER TABLE `failed_jobs`
  ADD PRIMARY KEY (`id`),
  ADD UNIQUE KEY `failed_jobs_uuid_unique` (`uuid`);

--
-- Indexes for table `forms`
--
ALTER TABLE `forms`
  ADD PRIMARY KEY (`id`);

--
-- Indexes for table `forms_parent`
--
ALTER TABLE `forms_parent`
  ADD PRIMARY KEY (`id`);

--
-- Indexes for table `form_approved`
--
ALTER TABLE `form_approved`
  ADD PRIMARY KEY (`id`);

--
-- Indexes for table `form_confirmation_code`
--
ALTER TABLE `form_confirmation_code`
  ADD PRIMARY KEY (`id`);

--
-- Indexes for table `form_extra`
--
ALTER TABLE `form_extra`
  ADD PRIMARY KEY (`id`);

--
-- Indexes for table `form_providers`
--
ALTER TABLE `form_providers`
  ADD PRIMARY KEY (`id`);

--
-- Indexes for table `form_rejected`
--
ALTER TABLE `form_rejected`
  ADD PRIMARY KEY (`id`);

--
-- Indexes for table `form_status`
--
ALTER TABLE `form_status`
  ADD PRIMARY KEY (`id`);

--
-- Indexes for table `form_submission`
--
ALTER TABLE `form_submission`
  ADD PRIMARY KEY (`id`);

--
-- Indexes for table `form_submission_answers`
--
ALTER TABLE `form_submission_answers`
  ADD PRIMARY KEY (`id`);

--
-- Indexes for table `input_related_ints`
--
ALTER TABLE `input_related_ints`
  ADD PRIMARY KEY (`id`);

--
-- Indexes for table `ints`
--
ALTER TABLE `ints`
  ADD PRIMARY KEY (`id`);

--
-- Indexes for table `int_parent`
--
ALTER TABLE `int_parent`
  ADD PRIMARY KEY (`id`);

--
-- Indexes for table `int_questions`
--
ALTER TABLE `int_questions`
  ADD PRIMARY KEY (`id`);

--
-- Indexes for table `migrations`
--
ALTER TABLE `migrations`
  ADD PRIMARY KEY (`id`);

--
-- Indexes for table `password_resets`
--
ALTER TABLE `password_resets`
  ADD PRIMARY KEY (`id`),
  ADD KEY `password_resets_email_index` (`email`),
  ADD KEY `password_resets_token_index` (`token`);

--
-- Indexes for table `pens`
--
ALTER TABLE `pens`
  ADD PRIMARY KEY (`id`);

--
-- Indexes for table `personal_access_tokens`
--
ALTER TABLE `personal_access_tokens`
  ADD PRIMARY KEY (`id`),
  ADD UNIQUE KEY `personal_access_tokens_token_unique` (`token`),
  ADD KEY `personal_access_tokens_tokenable_type_tokenable_id_index` (`tokenable_type`,`tokenable_id`);

--
-- Indexes for table `providers`
--
ALTER TABLE `providers`
  ADD PRIMARY KEY (`id`);

--
-- Indexes for table `users`
--
ALTER TABLE `users`
  ADD PRIMARY KEY (`id`),
  ADD UNIQUE KEY `users_email_unique` (`email`);

--
-- AUTO_INCREMENT for dumped tables
--

--
-- AUTO_INCREMENT for table `admin_menu`
--
ALTER TABLE `admin_menu`
  MODIFY `id` int(10) UNSIGNED NOT NULL AUTO_INCREMENT, AUTO_INCREMENT=8;

--
-- AUTO_INCREMENT for table `admin_operation_log`
--
ALTER TABLE `admin_operation_log`
  MODIFY `id` int(10) UNSIGNED NOT NULL AUTO_INCREMENT, AUTO_INCREMENT=326;

--
-- AUTO_INCREMENT for table `admin_permissions`
--
ALTER TABLE `admin_permissions`
  MODIFY `id` int(10) UNSIGNED NOT NULL AUTO_INCREMENT, AUTO_INCREMENT=9;

--
-- AUTO_INCREMENT for table `admin_roles`
--
ALTER TABLE `admin_roles`
  MODIFY `id` int(10) UNSIGNED NOT NULL AUTO_INCREMENT, AUTO_INCREMENT=5;

--
-- AUTO_INCREMENT for table `admin_users`
--
ALTER TABLE `admin_users`
  MODIFY `id` int(10) UNSIGNED NOT NULL AUTO_INCREMENT, AUTO_INCREMENT=5;

--
-- AUTO_INCREMENT for table `failed_jobs`
--
ALTER TABLE `failed_jobs`
  MODIFY `id` bigint(20) UNSIGNED NOT NULL AUTO_INCREMENT;

--
-- AUTO_INCREMENT for table `forms`
--
ALTER TABLE `forms`
  MODIFY `id` bigint(20) UNSIGNED NOT NULL AUTO_INCREMENT, AUTO_INCREMENT=4;

--
-- AUTO_INCREMENT for table `forms_parent`
--
ALTER TABLE `forms_parent`
  MODIFY `id` bigint(20) UNSIGNED NOT NULL AUTO_INCREMENT, AUTO_INCREMENT=2;

--
-- AUTO_INCREMENT for table `form_approved`
--
ALTER TABLE `form_approved`
  MODIFY `id` bigint(20) UNSIGNED NOT NULL AUTO_INCREMENT, AUTO_INCREMENT=4;

--
-- AUTO_INCREMENT for table `form_confirmation_code`
--
ALTER TABLE `form_confirmation_code`
  MODIFY `id` bigint(20) UNSIGNED NOT NULL AUTO_INCREMENT;

--
-- AUTO_INCREMENT for table `form_extra`
--
ALTER TABLE `form_extra`
  MODIFY `id` bigint(20) UNSIGNED NOT NULL AUTO_INCREMENT;

--
-- AUTO_INCREMENT for table `form_providers`
--
ALTER TABLE `form_providers`
  MODIFY `id` bigint(20) UNSIGNED NOT NULL AUTO_INCREMENT, AUTO_INCREMENT=4;

--
-- AUTO_INCREMENT for table `form_rejected`
--
ALTER TABLE `form_rejected`
  MODIFY `id` bigint(20) UNSIGNED NOT NULL AUTO_INCREMENT;

--
-- AUTO_INCREMENT for table `form_status`
--
ALTER TABLE `form_status`
  MODIFY `id` bigint(20) UNSIGNED NOT NULL AUTO_INCREMENT, AUTO_INCREMENT=11;

--
-- AUTO_INCREMENT for table `form_submission`
--
ALTER TABLE `form_submission`
  MODIFY `id` bigint(20) UNSIGNED NOT NULL AUTO_INCREMENT, AUTO_INCREMENT=4;

--
-- AUTO_INCREMENT for table `form_submission_answers`
--
ALTER TABLE `form_submission_answers`
  MODIFY `id` bigint(20) UNSIGNED NOT NULL AUTO_INCREMENT, AUTO_INCREMENT=17;

--
-- AUTO_INCREMENT for table `input_related_ints`
--
ALTER TABLE `input_related_ints`
  MODIFY `id` bigint(20) UNSIGNED NOT NULL AUTO_INCREMENT, AUTO_INCREMENT=3;

--
-- AUTO_INCREMENT for table `ints`
--
ALTER TABLE `ints`
  MODIFY `id` bigint(20) UNSIGNED NOT NULL AUTO_INCREMENT, AUTO_INCREMENT=8;

--
-- AUTO_INCREMENT for table `int_parent`
--
ALTER TABLE `int_parent`
  MODIFY `id` bigint(20) UNSIGNED NOT NULL AUTO_INCREMENT, AUTO_INCREMENT=8;

--
-- AUTO_INCREMENT for table `int_questions`
--
ALTER TABLE `int_questions`
  MODIFY `id` bigint(20) UNSIGNED NOT NULL AUTO_INCREMENT, AUTO_INCREMENT=17;

--
-- AUTO_INCREMENT for table `migrations`
--
ALTER TABLE `migrations`
  MODIFY `id` int(10) UNSIGNED NOT NULL AUTO_INCREMENT, AUTO_INCREMENT=27;

--
-- AUTO_INCREMENT for table `password_resets`
--
ALTER TABLE `password_resets`
  MODIFY `id` int(10) UNSIGNED NOT NULL AUTO_INCREMENT;

--
-- AUTO_INCREMENT for table `pens`
--
ALTER TABLE `pens`
  MODIFY `id` bigint(20) UNSIGNED NOT NULL AUTO_INCREMENT, AUTO_INCREMENT=51;

--
-- AUTO_INCREMENT for table `personal_access_tokens`
--
ALTER TABLE `personal_access_tokens`
  MODIFY `id` bigint(20) UNSIGNED NOT NULL AUTO_INCREMENT;

--
-- AUTO_INCREMENT for table `providers`
--
ALTER TABLE `providers`
  MODIFY `id` bigint(20) UNSIGNED NOT NULL AUTO_INCREMENT, AUTO_INCREMENT=2;

--
-- AUTO_INCREMENT for table `users`
--
ALTER TABLE `users`
  MODIFY `id` bigint(20) UNSIGNED NOT NULL AUTO_INCREMENT;
COMMIT;

/*!40101 SET CHARACTER_SET_CLIENT=@OLD_CHARACTER_SET_CLIENT */;
/*!40101 SET CHARACTER_SET_RESULTS=@OLD_CHARACTER_SET_RESULTS */;
/*!40101 SET COLLATION_CONNECTION=@OLD_COLLATION_CONNECTION */;
